"Longitude (x)","Latitude (y)","Station Name","Climate ID","Date/Time (LST)","Year","Month","Day","Time (LST)","Temp (°C)","Temp Flag","Dew Point Temp (°C)","Dew Point Temp Flag","Rel Hum (%)","Rel Hum Flag","Precip. Amount (mm)","Precip. Amount Flag","Wind Dir (10s deg)","Wind Dir Flag","Wind Spd (km/h)","Wind Spd Flag","Visibility (km)","Visibility Flag","Stn Press (kPa)","Stn Press Flag","Hmdx","Hmdx Flag","Wind Chill","Wind Chill Flag","Weather"
"-79.63","43.68","TORONTO INTL A","6158731","2015-10-01 00:00","2015","10","01","00:00","8.5","","0.5","","57","","","","3","","21","","24.1","","100.39","","","","","","NA"
"-79.63","43.68","TORONTO INTL A","6158731","2015-10-01 01:00","2015","10","01","01:00","7.3","","0.5","","62","","","","3","","21","","24.1","","100.41","","","","","","Mainly Clear"
"-79.63","43.68","TORONTO INTL A","6158731","2015-10-01 02:00","2015","10","01","02:00","7.0","","0.2","","62","","","","2","","22","","24.1","","100.45","","","","","","NA"
"-79.63","43.68","TORONTO INTL A","6158731","2015-10-01 03:00","2015","10","01","03:00","6.1","","0.2","","66","","","","2","","18","","24.1","","100.47","","","","","","NA"
"-79.63","43.68","TORONTO INTL A","6158731","2015-10-01 04:00","2015","10","01","04:00","5.5","","0.1","","68","","","","3","","20","","24.1","","100.48","","","","","","Mainly Clear"
"-79.63","43.68","TORONTO INTL A","6158731","2015-10-01 05:00","2015","10","01","05:00","5.0","","0.0","","70","","","","3","","22","","24.1","","100.53","","","","","","NA"
"-79.63","43.68","TORONTO INTL A","6158731","2015-10-01 06:00","2015","10","01","06:00","4.5","","-0.1","","72","","","","3","","19","","24.1","","100.55","","","","","","NA"
"-79.63","43.68","TORONTO INTL A","6158731","2015-10-01 07:00","2015","10","01","07:00","4.8","","0.0","","71","","","","3","","21","","24.1","","100.61","","","","","","Mainly Clear"
"-79.63","43.68","TORONTO INTL A","6158731","2015-10-01 08:00","2015","10","01","08:00","6.2","","-0.1","","64","","","","3","","23","","24.1","","100.66","","","","","","NA"
"-79.63","43.68","TORONTO INTL A","6158731","2015-10-01 09:00","2015","10","01","09:00","8.5","","0.7","","58","","","","4","","23","","24.1","","100.69","","","","","","NA"
"-79.63","43.68","TORONTO INTL A","6158731","2015-10-01 10:00","2015","10","01","10:00","10.6","","0.9","","51","","","","5","","24","","24.1","","100.67","","","","","","Mainly Clear"
"-79.63","43.68","TORONTO INTL A","6158731","2015-10-01 11:00","2015","10","01","11:00","11.8","","0.6","","46","","","","4","","25","","24.1","","100.67","","","","","","NA"
"-79.63","43.68","TORONTO INTL A","6158731","2015-10-01 12:00","2015","10","01","12:00","12.3","","0.8","","45","","","","7","","21","","24.1","","100.68","","","","","","NA"
"-79.63","43.68","TORONTO INTL A","6158731","2015-10-01 13:00","2015","10","01","13:00","13.9","","0.9","","41","","","","3","","28","","24.1","","100.63","","","","","","Mainly Clear"
"-79.63","43.68","TORONTO INTL A","6158731","2015-10-01 14:00","2015","10","01","14:00","14.6","","0.2","","37","","","","5","","16","","24.1","","100.61","","","","","","NA"
"-79.63","43.68","TORONTO INTL A","6158731","2015-10-01 15:00","2015","10","01","15:00","14.9","","-0.4","","35","","","","4","","26","","24.1","","100.59","","","","","","NA"
"-79.63","43.68","TORONTO INTL A","6158731","2015-10-01 16:00","2015","10","01","16:00","14.9","","-0.4","","35","","","","6","","18","","24.1","","100.58","","","","","","Mainly Clear"
"-79.63","43.68","TORONTO INTL A","6158731","2015-10-01 17:00","2015","10","01","17:00","14.3","","-1.3","","34","","","","6","","21","","24.1","","100.61","","","","","","NA"
"-79.63","43.68","TORONTO INTL A","6158731","2015-10-01 18:00","2015","10","01","18:00","13.4","","-0.6","","38","","","","6","","16","","24.1","","100.69","","","","","","NA"
"-79.63","43.68","TORONTO INTL A","6158731","2015-10-01 19:00","2015","10","01","19:00","12.5","","-0.7","","40","","","","5","","18","","24.1","","100.75","","","","","","Mainly Clear"
"-79.63","43.68","TORONTO INTL A","6158731","2015-10-01 20:00","2015","10","01","20:00","11.2","","0.1","","46","","","","4","","16","","24.1","","100.81","","","","","","NA"
"-79.63","43.68","TORONTO INTL A","6158731","2015-10-01 21:00","2015","10","01","21:00","10.6","","-0.8","","45","","","","5","","23","","24.1","","100.88","","","","","","NA"
"-79.63","43.68","TORONTO INTL A","6158731","2015-10-01 22:00","2015","10","01","22:00","9.0","","-0.3","","52","","","","4","","21","","24.1","","100.88","","","","","","Mainly Clear"
"-79.63","43.68","TORONTO INTL A","6158731","2015-10-01 23:00","2015","10","01","23:00","8.7","","-0.6","","52","","","","4","","21","","24.1","","100.85","","","","","","NA"
"-79.63","43.68","TORONTO INTL A","6158731","2015-10-02 00:00","2015","10","02","00:00","7.5","","-0.5","","57","","","","4","","15","","24.1","","100.87","","","","","","NA"
"-79.63","43.68","TORONTO INTL A","6158731","2015-10-02 01:00","2015","10","02","01:00","6.7","","-0.1","","62","","","","4","","21","","24.1","","100.90","","","","","","Mainly Clear"
"-79.63","43.68","TORONTO INTL A","6158731","2015-10-02 02:00","2015","10","02","02:00","6.4","","-0.1","","63","","","","4","","15","","24.1","","100.88","","","","","","NA"
"-79.63","43.68","TORONTO INTL A","6158731","2015-10-02 03:00","2015","10","02","03:00","5.8","","-0.1","","66","","","","4","","19","","24.1","","100.89","","","","","","NA"
"-79.63","43.68","TORONTO INTL A","6158731","2015-10-02 04:00","2015","10","02","04:00","5.3","","-0.1","","68","","","","3","","20","","24.1","","100.89","","","","","","Mostly Cloudy"
"-79.63","43.68","TORONTO INTL A","6158731","2015-10-02 05:00","2015","10","02","05:00","5.4","","-0.4","","66","","","","3","","18","","24.1","","100.92","","","","","","NA"
"-79.63","43.68","TORONTO INTL A","6158731","2015-10-02 06:00","2015","10","02","06:00","5.1","","-0.7","","66","","","","3","","20","","24.1","","100.98","","","","","","NA"
"-79.63","43.68","TORONTO INTL A","6158731","2015-10-02 07:00","2015","10","02","07:00","5.6","","-0.7","","64","","","","3","","23","","24.1","","100.99","","","","","","Mostly Cloudy"
"-79.63","43.68","TORONTO INTL A","6158731","2015-10-02 08:00","2015","10","02","08:00","6.6","","-0.4","","61","","","","4","","21","","24.1","","101.03","","","","","","NA"
"-79.63","43.68","TORONTO INTL A","6158731","2015-10-02 09:00","2015","10","02","09:00","7.4","","-0.3","","58","","","","4","","27","","24.1","","101.05","","","","","","NA"
"-79.63","43.68","TORONTO INTL A","6158731","2015-10-02 10:00","2015","10","02","10:00","9.0","","0.5","","55","","","","5","","25","","24.1","","101.06","","","","","","Mostly Cloudy"
"-79.63","43.68","TORONTO INTL A","6158731","2015-10-02 11:00","2015","10","02","11:00","10.4","","-0.7","","46","","","","5","","25","","24.1","","101.03","","","","","","NA"
"-79.63","43.68","TORONTO INTL A","6158731","2015-10-02 12:00","2015","10","02","12:00","10.6","","-1.1","","44","","","","4","","23","","24.1","","101.00","","","","","","NA"
"-79.63","43.68","TORONTO INTL A","6158731","2015-10-02 13:00","2015","10","02","13:00","11.3","","-0.8","","43","","","","4","","24","","24.1","","100.95","","","","","","Mostly Cloudy"
"-79.63","43.68","TORONTO INTL A","6158731","2015-10-02 14:00","2015","10","02","14:00","11.3","","-1.8","","40","","","","5","","25","","24.1","","100.93","","","","","","NA"
"-79.63","43.68","TORONTO INTL A","6158731","2015-10-02 15:00","2015","10","02","15:00","12.0","","-1.1","","40","","","","6","","26","","24.1","","100.93","","","","","","NA"
"-79.63","43.68","TORONTO INTL A","6158731","2015-10-02 16:00","2015","10","02","16:00","11.4","","-2.4","","38","","","","6","","25","","24.1","","100.94","","","","","","Mostly Cloudy"
"-79.63","43.68","TORONTO INTL A","6158731","2015-10-02 17:00","2015","10","02","17:00","11.2","","-2.6","","38","","","","7","","21","","24.1","","100.98","","","","","","NA"
"-79.63","43.68","TORONTO INTL A","6158731","2015-10-02 18:00","2015","10","02","18:00","10.4","","-3.3","","38","","","","6","","25","","24.1","","101.02","","","","","","NA"
"-79.63","43.68","TORONTO INTL A","6158731","2015-10-02 19:00","2015","10","02","19:00","9.9","","-3.1","","40","","","","5","","28","","24.1","","101.02","","","","","","Mostly Cloudy"
"-79.63","43.68","TORONTO INTL A","6158731","2015-10-02 20:00","2015","10","02","20:00","9.2","","-2.7","","43","","","","6","","22","","24.1","","101.04","","","","","","NA"
"-79.63","43.68","TORONTO INTL A","6158731","2015-10-02 21:00","2015","10","02","21:00","9.0","","-2.9","","43","","","","5","","25","","24.1","","101.01","","","","","","NA"
"-79.63","43.68","TORONTO INTL A","6158731","2015-10-02 22:00","2015","10","02","22:00","8.6","","-2.7","","45","","","","5","","25","","24.1","","100.99","","","","","","Cloudy"
"-79.63","43.68","TORONTO INTL A","6158731","2015-10-02 23:00","2015","10","02","23:00","8.3","","-2.3","","47","","","","5","","21","","24.1","","100.98","","","","","","NA"
"-79.63","43.68","TORONTO INTL A","6158731","2015-10-03 00:00","2015","10","03","00:00","8.1","","-2.2","","48","","","","6","","25","","24.1","","100.98","","","","","","NA"
"-79.63","43.68","TORONTO INTL A","6158731","2015-10-03 01:00","2015","10","03","01:00","7.7","","-2.1","","50","","","","6","","23","","24.1","","100.96","","","","","","Cloudy"
"-79.63","43.68","TORONTO INTL A","6158731","2015-10-03 02:00","2015","10","03","02:00","7.4","","-2.9","","48","","","","6","","27","","24.1","","100.96","","","","","","NA"
"-79.63","43.68","TORONTO INTL A","6158731","2015-10-03 03:00","2015","10","03","03:00","6.9","","-3.1","","49","","","","5","","22","","24.1","","100.90","","","","","","NA"
"-79.63","43.68","TORONTO INTL A","6158731","2015-10-03 04:00","2015","10","03","04:00","6.5","","-3.2","","50","","","","6","","16","","24.1","","100.92","","","","","","Cloudy"
"-79.63","43.68","TORONTO INTL A","6158731","2015-10-03 05:00","2015","10","03","05:00","6.5","","-2.9","","51","","","","6","","27","","24.1","","100.89","","","","","","NA"
"-79.63","43.68","TORONTO INTL A","6158731","2015-10-03 06:00","2015","10","03","06:00","6.5","","-2.6","","52","","","","6","","27","","24.1","","100.93","","","","","","NA"
"-79.63","43.68","TORONTO INTL A","6158731","2015-10-03 07:00","2015","10","03","07:00","6.4","","-2.0","","55","","","","7","","23","","24.1","","100.92","","","","","","Mostly Cloudy"
"-79.63","43.68","TORONTO INTL A","6158731","2015-10-03 08:00","2015","10","03","08:00","7.3","","-1.1","","55","","","","7","","22","","24.1","","100.96","","","","","","NA"
"-79.63","43.68","TORONTO INTL A","6158731","2015-10-03 09:00","2015","10","03","09:00","8.1","","-0.6","","54","","","","7","","30","","24.1","","100.92","","","","","","NA"
"-79.63","43.68","TORONTO INTL A","6158731","2015-10-03 10:00","2015","10","03","10:00","9.5","","-1.2","","47","","","","7","","32","","24.1","","100.91","","","","","","Mostly Cloudy"
"-79.63","43.68","TORONTO INTL A","6158731","2015-10-03 11:00","2015","10","03","11:00","10.4","","0.5","","50","","","","8","","22","","24.1","","100.88","","","","","","NA"
"-79.63","43.68","TORONTO INTL A","6158731","2015-10-03 12:00","2015","10","03","12:00","10.9","","0.4","","48","","","","9","","37","","24.1","","100.83","","","","","","NA"
"-79.63","43.68","TORONTO INTL A","6158731","2015-10-03 13:00","2015","10","03","13:00","11.0","","-0.1","","46","","","","7","","30","","24.1","","100.77","","","","","","Cloudy"
"-79.63","43.68","TORONTO INTL A","6158731","2015-10-03 14:00","2015","10","03","14:00","10.8","","0.8","","50","","","","9","","29","","24.1","","100.74","","","","","","Rain"
"-79.63","43.68","TORONTO INTL A","6158731","2015-10-03 15:00","2015","10","03","15:00","9.9","","2.5","","60","","","","8","","25","","24.1","","100.75","","","","","","Rain"
"-79.63","43.68","TORONTO INTL A","6158731","2015-10-03 16:00","2015","10","03","16:00","9.2","","3.4","","67","","","","7","","18","","19.3","","100.75","","","","","","Rain"
"-79.63","43.68","TORONTO INTL A","6158731","2015-10-03 17:00","2015","10","03","17:00","8.7","","3.8","","71","","","","6","","13","","19.3","","100.74","","","","","","Rain"
"-79.63","43.68","TORONTO INTL A","6158731","2015-10-03 18:00","2015","10","03","18:00","9.1","","3.1","","66","","","","6","","19","","24.1","","100.76","","","","","","NA"
"-79.63","43.68","TORONTO INTL A","6158731","2015-10-03 19:00","2015","10","03","19:00","9.2","","3.6","","68","","","","5","","17","","24.1","","100.76","","","","","","Cloudy"
"-79.63","43.68","TORONTO INTL A","6158731","2015-10-03 20:00","2015","10","03","20:00","9.8","","2.4","","60","","","","6","","19","","24.1","","100.73","","","","","","NA"
"-79.63","43.68","TORONTO INTL A","6158731","2015-10-03 21:00","2015","10","03","21:00","10.8","","3.6","","61","","","","7","","21","","24.1","","100.73","","","","","","NA"
"-79.63","43.68","TORONTO INTL A","6158731","2015-10-03 22:00","2015","10","03","22:00","11.5","","5.0","","64","","","","10","","30","","24.1","","100.68","","","","","","Cloudy"
"-79.63","43.68","TORONTO INTL A","6158731","2015-10-03 23:00","2015","10","03","23:00","11.2","","4.5","","63","","","","11","","28","","24.1","","100.66","","","","","","NA"
"-79.63","43.68","TORONTO INTL A","6158731","2015-10-04 00:00","2015","10","04","00:00","9.5","","6.2","","80","","","","10","","35","","9.7","","100.64","","","","","","Rain"
"-79.63","43.68","TORONTO INTL A","6158731","2015-10-04 01:00","2015","10","04","01:00","9.8","","6.2","","78","","","","11","","25","","24.1","","100.61","","","","","","Rain"
"-79.63","43.68","TORONTO INTL A","6158731","2015-10-04 02:00","2015","10","04","02:00","9.9","","6.1","","77","","","","11","","28","","24.1","","100.58","","","","","","NA"
"-79.63","43.68","TORONTO INTL A","6158731","2015-10-04 03:00","2015","10","04","03:00","10.3","","5.7","","73","","","","11","","18","","24.1","","100.56","","","","","","NA"
"-79.63","43.68","TORONTO INTL A","6158731","2015-10-04 04:00","2015","10","04","04:00","9.7","","6.4","","80","","","","10","","24","","24.1","","100.54","","","","","","Cloudy"
"-79.63","43.68","TORONTO INTL A","6158731","2015-10-04 05:00","2015","10","04","05:00","9.3","","6.8","","84","","","","10","","22","","24.1","","100.55","","","","","","NA"
"-79.63","43.68","TORONTO INTL A","6158731","2015-10-04 06:00","2015","10","04","06:00","9.7","","6.8","","82","","","","9","","14","","24.1","","100.57","","","","","","NA"
"-79.63","43.68","TORONTO INTL A","6158731","2015-10-04 07:00","2015","10","04","07:00","10.1","","6.8","","80","","","","10","","24","","24.1","","100.58","","","","","","Mostly Cloudy"
"-79.63","43.68","TORONTO INTL A","6158731","2015-10-04 08:00","2015","10","04","08:00","10.6","","6.6","","76","","","","11","","25","","24.1","","100.59","","","","","","NA"
"-79.63","43.68","TORONTO INTL A","6158731","2015-10-04 09:00","2015","10","04","09:00","11.3","","6.5","","72","","","","11","","23","","24.1","","100.60","","","","","","NA"
"-79.63","43.68","TORONTO INTL A","6158731","2015-10-04 10:00","2015","10","04","10:00","12.6","","7.3","","70","","","","13","","19","","24.1","","100.58","","","","","","Mostly Cloudy"
"-79.63","43.68","TORONTO INTL A","6158731","2015-10-04 11:00","2015","10","04","11:00","13.4","","7.2","","66","","","","11","","16","","24.1","","100.54","","","","","","NA"
"-79.63","43.68","TORONTO INTL A","6158731","2015-10-04 12:00","2015","10","04","12:00","13.6","","7.4","","66","","","","10","","17","","24.1","","100.52","","","","","","NA"
"-79.63","43.68","TORONTO INTL A","6158731","2015-10-04 13:00","2015","10","04","13:00","13.7","","7.1","","64","","","","9","","18","","24.1","","100.47","","","","","","Mostly Cloudy"
"-79.63","43.68","TORONTO INTL A","6158731","2015-10-04 14:00","2015","10","04","14:00","13.4","","8.1","","70","","","","10","","15","","24.1","","100.43","","","","","","NA"
"-79.63","43.68","TORONTO INTL A","6158731","2015-10-04 15:00","2015","10","04","15:00","13.5","","7.8","","68","","","","10","","17","","24.1","","100.41","","","","","","NA"
"-79.63","43.68","TORONTO INTL A","6158731","2015-10-04 16:00","2015","10","04","16:00","13.4","","7.9","","69","","","","10","","14","","24.1","","100.38","","","","","","Mostly Cloudy"
"-79.63","43.68","TORONTO INTL A","6158731","2015-10-04 17:00","2015","10","04","17:00","13.1","","7.6","","69","","","","10","","15","","24.1","","100.32","","","","","","NA"
"-79.63","43.68","TORONTO INTL A","6158731","2015-10-04 18:00","2015","10","04","18:00","13.0","","7.7","","70","","","","9","","12","","24.1","","100.36","","","","","","NA"
"-79.63","43.68","TORONTO INTL A","6158731","2015-10-04 19:00","2015","10","04","19:00","13.0","","7.9","","71","","","","9","","8","","24.1","","100.37","","","","","","Mostly Cloudy"
"-79.63","43.68","TORONTO INTL A","6158731","2015-10-04 20:00","2015","10","04","20:00","12.4","","7.9","","74","","","","9","","8","","24.1","","100.36","","","","","","NA"
"-79.63","43.68","TORONTO INTL A","6158731","2015-10-04 21:00","2015","10","04","21:00","12.1","","6.6","","69","","","","9","","10","","24.1","","100.34","","","","","","NA"
"-79.63","43.68","TORONTO INTL A","6158731","2015-10-04 22:00","2015","10","04","22:00","11.2","","7.0","","75","","","","5","","7","","24.1","","100.31","","","","","","Mainly Clear"
"-79.63","43.68","TORONTO INTL A","6158731","2015-10-04 23:00","2015","10","04","23:00","10.7","","6.7","","76","","","","3","","8","","24.1","","100.29","","","","","","NA"
"-79.63","43.68","TORONTO INTL A","6158731","2015-10-05 00:00","2015","10","05","00:00","10.8","","6.8","","76","","","","1","","7","","24.1","","100.25","","","","","","NA"
"-79.63","43.68","TORONTO INTL A","6158731","2015-10-05 01:00","2015","10","05","01:00","10.6","","6.6","","76","","","","1","","10","","24.1","","100.22","","","","","","Mostly Cloudy"
"-79.63","43.68","TORONTO INTL A","6158731","2015-10-05 02:00","2015","10","05","02:00","11.5","","7.5","","76","","","","1","","8","","24.1","","100.21","","","","","","NA"
"-79.63","43.68","TORONTO INTL A","6158731","2015-10-05 03:00","2015","10","05","03:00","11.6","","7.2","","74","","","","36","","11","","24.1","","100.20","","","","","","NA"
"-79.63","43.68","TORONTO INTL A","6158731","2015-10-05 04:00","2015","10","05","04:00","11.9","","7.5","","74","","","","36","","10","","24.1","","100.19","","","","","","Cloudy"
"-79.63","43.68","TORONTO INTL A","6158731","2015-10-05 05:00","2015","10","05","05:00","12.1","","7.5","","73","","","","36","","10","","24.1","","100.22","","","","","","NA"
"-79.63","43.68","TORONTO INTL A","6158731","2015-10-05 06:00","2015","10","05","06:00","11.5","","8.7","","83","","","","35","","13","","24.1","","100.25","","","","","","Rain"
"-79.63","43.68","TORONTO INTL A","6158731","2015-10-05 07:00","2015","10","05","07:00","11.2","","8.8","","85","","","","1","","10","","24.1","","100.27","","","","","","Cloudy"
"-79.63","43.68","TORONTO INTL A","6158731","2015-10-05 08:00","2015","10","05","08:00","10.7","","9.5","","92","","","","1","","12","","8.1","","100.28","","","","","","Rain,Fog"
"-79.63","43.68","TORONTO INTL A","6158731","2015-10-05 09:00","2015","10","05","09:00","10.9","","9.7","","92","","","","36","","8","","8.1","","100.29","","","","","","Drizzle,Fog"
"-79.63","43.68","TORONTO INTL A","6158731","2015-10-05 10:00","2015","10","05","10:00","11.4","","10.0","","91","","","","1","","4","","9.7","","100.29","","","","","","Fog"
"-79.63","43.68","TORONTO INTL A","6158731","2015-10-05 11:00","2015","10","05","11:00","11.8","","10.2","","90","","","","36","","3","","6.4","","100.26","","","","","","Drizzle,Fog"
"-79.63","43.68","TORONTO INTL A","6158731","2015-10-05 12:00","2015","10","05","12:00","12.5","","10.8","","89","","","","36","","3","","9.7","","100.22","","","","","","Fog"
"-79.63","43.68","TORONTO INTL A","6158731","2015-10-05 13:00","2015","10","05","13:00","12.9","","10.8","","87","","","","36","","3","","9.7","","100.15","","","","","","Drizzle,Fog"
"-79.63","43.68","TORONTO INTL A","6158731","2015-10-05 14:00","2015","10","05","14:00","13.4","","11.0","","85","","","","36","","1","","9.7","","100.10","","","","","","Fog"
"-79.63","43.68","TORONTO INTL A","6158731","2015-10-05 15:00","2015","10","05","15:00","13.9","","11.1","","83","","","","36","","3","","9.7","","100.06","","","","","","Fog"
"-79.63","43.68","TORONTO INTL A","6158731","2015-10-05 16:00","2015","10","05","16:00","14.2","","11.2","","82","","","","0","","1","","9.7","","100.04","","","","","","Fog"
"-79.63","43.68","TORONTO INTL A","6158731","2015-10-05 17:00","2015","10","05","17:00","14.1","","11.5","","84","","","","15","","6","","9.7","","100.03","","","","","","Fog"
"-79.63","43.68","TORONTO INTL A","6158731","2015-10-05 18:00","2015","10","05","18:00","14.0","","11.7","","86","","","","36","","2","","9.7","","100.03","","","","","","Fog"
"-79.63","43.68","TORONTO INTL A","6158731","2015-10-05 19:00","2015","10","05","19:00","13.8","","11.5","","86","","","","15","","7","","9.7","","100.05","","","","","","Fog"
"-79.63","43.68","TORONTO INTL A","6158731","2015-10-05 20:00","2015","10","05","20:00","13.6","","11.5","","87","","","","17","","5","","9.7","","100.04","","","","","","Haze"
"-79.63","43.68","TORONTO INTL A","6158731","2015-10-05 21:00","2015","10","05","21:00","13.7","","11.4","","86","","","","1","","9","","16.1","","100.02","","","","","","NA"
"-79.63","43.68","TORONTO INTL A","6158731","2015-10-05 22:00","2015","10","05","22:00","13.5","","11.2","","86","","","","1","","8","","16.1","","100.00","","","","","","Cloudy"
"-79.63","43.68","TORONTO INTL A","6158731","2015-10-05 23:00","2015","10","05","23:00","13.2","","10.9","","86","","","","1","","10","","16.1","","100.00","","","","","","NA"
"-79.63","43.68","TORONTO INTL A","6158731","2015-10-06 00:00","2015","10","06","00:00","12.9","","10.8","","87","","","","1","","5","","12.9","","99.96","","","","","","NA"
"-79.63","43.68","TORONTO INTL A","6158731","2015-10-06 01:00","2015","10","06","01:00","12.6","","11.0","","90","","","","36","","5","","12.9","","99.93","","","","","","Cloudy"
"-79.63","43.68","TORONTO INTL A","6158731","2015-10-06 02:00","2015","10","06","02:00","12.6","","11.0","","90","","","","35","","5","","12.9","","99.92","","","","","","NA"
"-79.63","43.68","TORONTO INTL A","6158731","2015-10-06 03:00","2015","10","06","03:00","12.7","","11.3","","91","","","","35","","8","","12.9","","99.89","","","","","","NA"
"-79.63","43.68","TORONTO INTL A","6158731","2015-10-06 04:00","2015","10","06","04:00","12.4","","11.3","","93","","","","36","","11","","9.7","","99.89","","","","","","Fog"
"-79.63","43.68","TORONTO INTL A","6158731","2015-10-06 05:00","2015","10","06","05:00","12.2","","11.0","","92","","","","36","","7","","9.7","","99.90","","","","","","Drizzle,Fog"
"-79.63","43.68","TORONTO INTL A","6158731","2015-10-06 06:00","2015","10","06","06:00","12.4","","11.0","","91","","","","31","","7","","24.1","","99.91","","","","","","NA"
"-79.63","43.68","TORONTO INTL A","6158731","2015-10-06 07:00","2015","10","06","07:00","13.0","","10.9","","87","","","","1","","7","","24.1","","99.91","","","","","","Cloudy"
"-79.63","43.68","TORONTO INTL A","6158731","2015-10-06 08:00","2015","10","06","08:00","13.4","","10.6","","83","","","","28","","5","","24.1","","99.92","","","","","","NA"
"-79.63","43.68","TORONTO INTL A","6158731","2015-10-06 09:00","2015","10","06","09:00","14.1","","10.6","","79","","","","28","","4","","24.1","","99.92","","","","","","NA"
"-79.63","43.68","TORONTO INTL A","6158731","2015-10-06 10:00","2015","10","06","10:00","14.9","","10.2","","73","","","","33","","7","","24.1","","99.92","","","","","","Cloudy"
"-79.63","43.68","TORONTO INTL A","6158731","2015-10-06 11:00","2015","10","06","11:00","15.4","","11.0","","75","","","","31","","6","","24.1","","99.91","","","","","","NA"
"-79.63","43.68","TORONTO INTL A","6158731","2015-10-06 12:00","2015","10","06","12:00","16.5","","11.1","","70","","","","27","","8","","24.1","","99.86","","","","","","NA"
"-79.63","43.68","TORONTO INTL A","6158731","2015-10-06 13:00","2015","10","06","13:00","15.9","","11.1","","73","","","","34","","5","","24.1","","99.80","","","","","","Cloudy"
"-79.63","43.68","TORONTO INTL A","6158731","2015-10-06 14:00","2015","10","06","14:00","16.0","","11.0","","72","","","","27","","13","","24.1","","99.73","","","","","","NA"
"-79.63","43.68","TORONTO INTL A","6158731","2015-10-06 15:00","2015","10","06","15:00","16.1","","10.9","","71","","","","32","","15","","24.1","","99.69","","","","","","NA"
"-79.63","43.68","TORONTO INTL A","6158731","2015-10-06 16:00","2015","10","06","16:00","16.1","","10.3","","68","","","","30","","13","","24.1","","99.68","","","","","","Cloudy"
"-79.63","43.68","TORONTO INTL A","6158731","2015-10-06 17:00","2015","10","06","17:00","15.3","","9.7","","69","","","","30","","18","","24.1","","99.69","","","","","","NA"
"-79.63","43.68","TORONTO INTL A","6158731","2015-10-06 18:00","2015","10","06","18:00","14.6","","9.0","","69","","","","34","","15","","24.1","","99.70","","","","","","NA"
"-79.63","43.68","TORONTO INTL A","6158731","2015-10-06 19:00","2015","10","06","19:00","14.5","","8.7","","68","","","","31","","16","","24.1","","99.70","","","","","","Cloudy"
"-79.63","43.68","TORONTO INTL A","6158731","2015-10-06 20:00","2015","10","06","20:00","14.6","","8.6","","67","","","","30","","14","","24.1","","99.69","","","","","","NA"
"-79.63","43.68","TORONTO INTL A","6158731","2015-10-06 21:00","2015","10","06","21:00","14.6","","8.6","","67","","","","32","","12","","24.1","","99.68","","","","","","NA"
"-79.63","43.68","TORONTO INTL A","6158731","2015-10-06 22:00","2015","10","06","22:00","13.7","","8.8","","72","","","","28","","8","","24.1","","99.67","","","","","","Mostly Cloudy"
"-79.63","43.68","TORONTO INTL A","6158731","2015-10-06 23:00","2015","10","06","23:00","12.4","","8.5","","77","","","","24","","12","","24.1","","99.64","","","","","","NA"
"-79.63","43.68","TORONTO INTL A","6158731","2015-10-07 00:00","2015","10","07","00:00","10.6","","8.4","","86","","","","25","","7","","24.1","","99.63","","","","","","NA"
"-79.63","43.68","TORONTO INTL A","6158731","2015-10-07 01:00","2015","10","07","01:00","10.2","","8.0","","86","","","","26","","7","","24.1","","99.62","","","","","","Mostly Cloudy"
"-79.63","43.68","TORONTO INTL A","6158731","2015-10-07 02:00","2015","10","07","02:00","11.4","","9.5","","88","","","","28","","7","","24.1","","99.60","","","","","","NA"
"-79.63","43.68","TORONTO INTL A","6158731","2015-10-07 03:00","2015","10","07","03:00","11.3","","9.4","","88","","","","27","","5","","24.1","","99.60","","","","","","NA"
"-79.63","43.68","TORONTO INTL A","6158731","2015-10-07 04:00","2015","10","07","04:00","11.6","","9.7","","88","","","","28","","8","","24.1","","99.58","","","","","","Mostly Cloudy"
"-79.63","43.68","TORONTO INTL A","6158731","2015-10-07 05:00","2015","10","07","05:00","11.8","","10.1","","89","","","","24","","7","","24.1","","99.59","","","","","","NA"
"-79.63","43.68","TORONTO INTL A","6158731","2015-10-07 06:00","2015","10","07","06:00","12.1","","10.4","","89","","","","26","","10","","24.1","","99.60","","","","","","NA"
"-79.63","43.68","TORONTO INTL A","6158731","2015-10-07 07:00","2015","10","07","07:00","12.5","","10.6","","88","","","","26","","12","","24.1","","99.63","","","","","","Mostly Cloudy"
"-79.63","43.68","TORONTO INTL A","6158731","2015-10-07 08:00","2015","10","07","08:00","13.3","","10.9","","85","","","","29","","12","","24.1","","99.66","","","","","","NA"
"-79.63","43.68","TORONTO INTL A","6158731","2015-10-07 09:00","2015","10","07","09:00","15.5","","11.7","","78","","","","27","","12","","24.1","","99.66","","","","","","NA"
"-79.63","43.68","TORONTO INTL A","6158731","2015-10-07 10:00","2015","10","07","10:00","17.2","","12.0","","71","","","","26","","9","","24.1","","99.67","","","","","","Mostly Cloudy"
"-79.63","43.68","TORONTO INTL A","6158731","2015-10-07 11:00","2015","10","07","11:00","18.2","","12.3","","68","","","","27","","10","","24.1","","99.64","","","","","","NA"
"-79.63","43.68","TORONTO INTL A","6158731","2015-10-07 12:00","2015","10","07","12:00","20.4","","12.5","","60","","","","27","","8","","24.1","","99.61","","","","","","NA"
"-79.63","43.68","TORONTO INTL A","6158731","2015-10-07 13:00","2015","10","07","13:00","20.3","","11.9","","58","","","","29","","21","","24.1","","99.59","","","","","","Mostly Cloudy"
"-79.63","43.68","TORONTO INTL A","6158731","2015-10-07 14:00","2015","10","07","14:00","20.2","","9.9","","51","","","","31","","24","","24.1","","99.55","","","","","","NA"
"-79.63","43.68","TORONTO INTL A","6158731","2015-10-07 15:00","2015","10","07","15:00","21.4","","10.7","","50","","","","31","","23","","24.1","","99.55","","","","","","NA"
"-79.63","43.68","TORONTO INTL A","6158731","2015-10-07 16:00","2015","10","07","16:00","20.6","","9.7","","49","","","","33","","29","","24.1","","99.59","","","","","","Mostly Cloudy"
"-79.63","43.68","TORONTO INTL A","6158731","2015-10-07 17:00","2015","10","07","17:00","18.7","","10.4","","58","","","","36","","22","","24.1","","99.64","","","","","","NA"
"-79.63","43.68","TORONTO INTL A","6158731","2015-10-07 18:00","2015","10","07","18:00","15.5","","9.9","","69","","","","35","","21","","24.1","","99.74","","","","","","NA"
"-79.63","43.68","TORONTO INTL A","6158731","2015-10-07 19:00","2015","10","07","19:00","13.9","","8.2","","68","","","","35","","22","","24.1","","99.81","","","","","","Clear"
"-79.63","43.68","TORONTO INTL A","6158731","2015-10-07 20:00","2015","10","07","20:00","12.9","","7.4","","69","","","","34","","18","","24.1","","99.89","","","","","","NA"
"-79.63","43.68","TORONTO INTL A","6158731","2015-10-07 21:00","2015","10","07","21:00","12.2","","8.9","","80","","","","33","","19","","24.1","","99.94","","","","","","NA"
"-79.63","43.68","TORONTO INTL A","6158731","2015-10-07 22:00","2015","10","07","22:00","11.4","","8.3","","81","","","","33","","12","","24.1","","99.97","","","","","","Clear"
"-79.63","43.68","TORONTO INTL A","6158731","2015-10-07 23:00","2015","10","07","23:00","11.0","","7.9","","81","","","","33","","13","","24.1","","100.00","","","","","","NA"
"-79.63","43.68","TORONTO INTL A","6158731","2015-10-08 00:00","2015","10","08","00:00","10.4","","7.7","","83","","","","35","","16","","24.1","","100.00","","","","","","NA"
"-79.63","43.68","TORONTO INTL A","6158731","2015-10-08 01:00","2015","10","08","01:00","9.1","","7.1","","87","","","","1","","14","","24.1","","100.03","","","","","","Clear"
"-79.63","43.68","TORONTO INTL A","6158731","2015-10-08 02:00","2015","10","08","02:00","8.3","","6.4","","88","","","","1","","12","","24.1","","100.03","","","","","","NA"
"-79.63","43.68","TORONTO INTL A","6158731","2015-10-08 03:00","2015","10","08","03:00","7.8","","5.8","","87","","","","2","","10","","24.1","","99.99","","","","","","NA"
"-79.63","43.68","TORONTO INTL A","6158731","2015-10-08 04:00","2015","10","08","04:00","8.2","","3.7","","73","","","","5","","8","","24.1","","100.01","","","","","","Mostly Cloudy"
"-79.63","43.68","TORONTO INTL A","6158731","2015-10-08 05:00","2015","10","08","05:00","8.8","","2.8","","66","","","","6","","11","","24.1","","100.06","","","","","","NA"
"-79.63","43.68","TORONTO INTL A","6158731","2015-10-08 06:00","2015","10","08","06:00","8.4","","2.4","","66","","","","6","","11","","24.1","","100.08","","","","","","NA"
"-79.63","43.68","TORONTO INTL A","6158731","2015-10-08 07:00","2015","10","08","07:00","8.5","","3.0","","68","","","","5","","10","","24.1","","100.11","","","","","","Mainly Clear"
"-79.63","43.68","TORONTO INTL A","6158731","2015-10-08 08:00","2015","10","08","08:00","10.2","","4.6","","68","","","","8","","11","","24.1","","100.11","","","","","","NA"
"-79.63","43.68","TORONTO INTL A","6158731","2015-10-08 09:00","2015","10","08","09:00","11.9","","6.2","","68","","","","9","","13","","24.1","","100.08","","","","","","NA"
"-79.63","43.68","TORONTO INTL A","6158731","2015-10-08 10:00","2015","10","08","10:00","12.7","","6.3","","65","","","","12","","18","","24.1","","100.09","","","","","","Mostly Cloudy"
"-79.63","43.68","TORONTO INTL A","6158731","2015-10-08 11:00","2015","10","08","11:00","13.1","","7.2","","67","","","","10","","14","","24.1","","100.09","","","","","","NA"
"-79.63","43.68","TORONTO INTL A","6158731","2015-10-08 12:00","2015","10","08","12:00","14.1","","7.5","","64","","","","13","","16","","24.1","","99.98","","","","","","NA"
"-79.63","43.68","TORONTO INTL A","6158731","2015-10-08 13:00","2015","10","08","13:00","14.3","","7.6","","64","","","","15","","17","","24.1","","99.91","","","","","","Mostly Cloudy"
"-79.63","43.68","TORONTO INTL A","6158731","2015-10-08 14:00","2015","10","08","14:00","14.8","","7.7","","62","","","","11","","13","","24.1","","99.80","","","","","","NA"
"-79.63","43.68","TORONTO INTL A","6158731","2015-10-08 15:00","2015","10","08","15:00","14.3","","7.2","","62","","","","10","","10","","24.1","","99.76","","","","","","NA"
"-79.63","43.68","TORONTO INTL A","6158731","2015-10-08 16:00","2015","10","08","16:00","14.0","","6.4","","60","","","","11","","17","","24.1","","99.71","","","","","","Mostly Cloudy"
"-79.63","43.68","TORONTO INTL A","6158731","2015-10-08 17:00","2015","10","08","17:00","12.7","","5.7","","62","","","","10","","18","","24.1","","99.66","","","","","","NA"
"-79.63","43.68","TORONTO INTL A","6158731","2015-10-08 18:00","2015","10","08","18:00","12.4","","5.4","","62","","","","10","","14","","24.1","","99.62","","","","","","NA"
"-79.63","43.68","TORONTO INTL A","6158731","2015-10-08 19:00","2015","10","08","19:00","12.4","","4.4","","58","","","","10","","10","","24.1","","99.54","","","","","","Mostly Cloudy"
"-79.63","43.68","TORONTO INTL A","6158731","2015-10-08 20:00","2015","10","08","20:00","12.1","","8.0","","76","","","","8","","16","","19.3","","99.47","","","","","","Rain"
"-79.63","43.68","TORONTO INTL A","6158731","2015-10-08 21:00","2015","10","08","21:00","11.4","","9.3","","87","","","","10","","14","","16.1","","99.41","","","","","","Rain"
"-79.63","43.68","TORONTO INTL A","6158731","2015-10-08 22:00","2015","10","08","22:00","11.1","","9.7","","91","","","","9","","11","","16.1","","99.33","","","","","","Rain"
"-79.63","43.68","TORONTO INTL A","6158731","2015-10-08 23:00","2015","10","08","23:00","10.9","","9.8","","93","","","","10","","13","","19.3","","99.17","","","","","","Rain"
"-79.63","43.68","TORONTO INTL A","6158731","2015-10-09 00:00","2015","10","09","00:00","10.4","","9.3","","93","","","","5","","14","","16.1","","99.11","","","","","","Rain"
"-79.63","43.68","TORONTO INTL A","6158731","2015-10-09 01:00","2015","10","09","01:00","10.2","","9.3","","94","","","","6","","8","","19.3","","99.01","","","","","","Rain"
"-79.63","43.68","TORONTO INTL A","6158731","2015-10-09 02:00","2015","10","09","02:00","10.9","","10.1","","95","","","","36","","2","","16.1","","98.95","","","","","","Rain"
"-79.63","43.68","TORONTO INTL A","6158731","2015-10-09 03:00","2015","10","09","03:00","11.5","","10.7","","95","","","","8","","4","","12.9","","98.80","","","","","","Rain"
"-79.63","43.68","TORONTO INTL A","6158731","2015-10-09 04:00","2015","10","09","04:00","11.5","","10.7","","95","","","","27","","4","","12.9","","98.79","","","","","","Cloudy"
"-79.63","43.68","TORONTO INTL A","6158731","2015-10-09 05:00","2015","10","09","05:00","11.5","","10.7","","95","","","","29","","8","","8.1","","98.78","","","","","","Fog"
"-79.63","43.68","TORONTO INTL A","6158731","2015-10-09 06:00","2015","10","09","06:00","11.6","","10.8","","95","","","","25","","8","","6.4","","98.78","","","","","","Fog"
"-79.63","43.68","TORONTO INTL A","6158731","2015-10-09 07:00","2015","10","09","07:00","11.8","","11.0","","95","","","","25","","14","","9.7","","98.79","","","","","","Fog"
"-79.63","43.68","TORONTO INTL A","6158731","2015-10-09 08:00","2015","10","09","08:00","14.0","","12.9","","93","","","","27","","13","","9.7","","98.81","","","","","","Fog"
"-79.63","43.68","TORONTO INTL A","6158731","2015-10-09 09:00","2015","10","09","09:00","15.6","","13.5","","87","","","","27","","18","","9.7","","98.87","","","","","","Fog"
"-79.63","43.68","TORONTO INTL A","6158731","2015-10-09 10:00","2015","10","09","10:00","16.7","","13.3","","80","","","","28","","27","","24.1","","98.89","","","","","","Cloudy"
"-79.63","43.68","TORONTO INTL A","6158731","2015-10-09 11:00","2015","10","09","11:00","15.7","","10.9","","73","","","","30","","39","","24.1","","98.95","","","","","","NA"
"-79.63","43.68","TORONTO INTL A","6158731","2015-10-09 12:00","2015","10","09","12:00","15.2","","9.8","","70","","","","29","","26","","24.1","","99.02","","","","","","NA"
"-79.63","43.68","TORONTO INTL A","6158731","2015-10-09 13:00","2015","10","09","13:00","14.7","","9.6","","71","","","","31","","31","","24.1","","99.07","","","","","","Mostly Cloudy"
"-79.63","43.68","TORONTO INTL A","6158731","2015-10-09 14:00","2015","10","09","14:00","14.0","","","M","","M","","","32","","40","","24.1","","99.15","","","","","","NA"
"-79.63","43.68","TORONTO INTL A","6158731","2015-10-09 15:00","2015","10","09","15:00","13.0","","6.9","","66","","","","33","","42","","24.1","","99.27","","","","","","NA"
"-79.63","43.68","TORONTO INTL A","6158731","2015-10-09 16:00","2015","10","09","16:00","12.6","","6.9","","68","","","","35","","34","","24.1","","99.39","","","","","","Mostly Cloudy"
"-79.63","43.68","TORONTO INTL A","6158731","2015-10-09 17:00","2015","10","09","17:00","11.8","","6.8","","71","","","","35","","26","","24.1","","99.51","","","","","","NA"
"-79.63","43.68","TORONTO INTL A","6158731","2015-10-09 18:00","2015","10","09","18:00","11.4","","7.2","","75","","","","33","","26","","24.1","","99.61","","","","","","NA"
"-79.63","43.68","TORONTO INTL A","6158731","2015-10-09 19:00","2015","10","09","19:00","10.8","","5.8","","71","","","","33","","21","","24.1","","99.72","","","","","","Mainly Clear"
"-79.63","43.68","TORONTO INTL A","6158731","2015-10-09 20:00","2015","10","09","20:00","9.8","","4.8","","71","","","","31","","14","","24.1","","99.80","","","","","","NA"
"-79.63","43.68","TORONTO INTL A","6158731","2015-10-09 21:00","2015","10","09","21:00","8.4","","4.4","","76","","","","27","","11","","24.1","","99.83","","","","","","NA"
"-79.63","43.68","TORONTO INTL A","6158731","2015-10-09 22:00","2015","10","09","22:00","8.0","","4.8","","80","","","","29","","12","","24.1","","99.90","","","","","","Mainly Clear"
"-79.63","43.68","TORONTO INTL A","6158731","2015-10-09 23:00","2015","10","09","23:00","7.0","","4.3","","83","","","","29","","11","","24.1","","99.92","","","","","","NA"
"-79.63","43.68","TORONTO INTL A","6158731","2015-10-10 00:00","2015","10","10","00:00","7.2","","4.0","","80","","","","30","","5","","24.1","","99.96","","","","","","NA"
"-79.63","43.68","TORONTO INTL A","6158731","2015-10-10 01:00","2015","10","10","01:00","6.3","","3.6","","83","","","","30","","9","","24.1","","99.99","","","","","","Clear"
"-79.63","43.68","TORONTO INTL A","6158731","2015-10-10 02:00","2015","10","10","02:00","6.8","","4.3","","84","","","","33","","12","","24.1","","100.03","","","","","","NA"
"-79.63","43.68","TORONTO INTL A","6158731","2015-10-10 03:00","2015","10","10","03:00","6.4","","3.6","","82","","","","32","","9","","24.1","","100.06","","","","","","NA"
"-79.63","43.68","TORONTO INTL A","6158731","2015-10-10 04:00","2015","10","10","04:00","5.7","","3.4","","85","","","","1","","10","","24.1","","100.10","","","","","","Clear"
"-79.63","43.68","TORONTO INTL A","6158731","2015-10-10 05:00","2015","10","10","05:00","5.4","","3.3","","86","","","","35","","10","","24.1","","100.12","","","","","","NA"
"-79.63","43.68","TORONTO INTL A","6158731","2015-10-10 06:00","2015","10","10","06:00","4.5","","2.7","","88","","","","1","","8","","24.1","","100.12","","","","","","NA"
"-79.63","43.68","TORONTO INTL A","6158731","2015-10-10 07:00","2015","10","10","07:00","5.1","","3.3","","88","","","","1","","5","","24.1","","100.13","","","","","","Mostly Cloudy"
"-79.63","43.68","TORONTO INTL A","6158731","2015-10-10 08:00","2015","10","10","08:00","7.1","","3.7","","79","","","","32","","5","","24.1","","100.20","","","","","","NA"
"-79.63","43.68","TORONTO INTL A","6158731","2015-10-10 09:00","2015","10","10","09:00","9.6","","2.7","","62","","","","11","","4","","24.1","","100.18","","","","","","NA"
"-79.63","43.68","TORONTO INTL A","6158731","2015-10-10 10:00","2015","10","10","10:00","11.4","","2.5","","54","","","","21","","7","","24.1","","100.18","","","","","","Mainly Clear"
"-79.63","43.68","TORONTO INTL A","6158731","2015-10-10 11:00","2015","10","10","11:00","12.6","","4.4","","57","","","","21","","11","","24.1","","100.12","","","","","","NA"
"-79.63","43.68","TORONTO INTL A","6158731","2015-10-10 12:00","2015","10","10","12:00","12.6","","6.0","","64","","","","9","","9","","24.1","","100.03","","","","","","NA"
"-79.63","43.68","TORONTO INTL A","6158731","2015-10-10 13:00","2015","10","10","13:00","13.4","","6.6","","63","","","","14","","16","","24.1","","99.93","","","","","","Mostly Cloudy"
"-79.63","43.68","TORONTO INTL A","6158731","2015-10-10 14:00","2015","10","10","14:00","14.4","","6.8","","60","","","","14","","14","","24.1","","99.79","","","","","","NA"
"-79.63","43.68","TORONTO INTL A","6158731","2015-10-10 15:00","2015","10","10","15:00","14.3","","7.2","","62","","","","15","","14","","24.1","","99.71","","","","","","NA"
"-79.63","43.68","TORONTO INTL A","6158731","2015-10-10 16:00","2015","10","10","16:00","15.0","","6.9","","58","","","","17","","11","","24.1","","99.64","","","","","","Mostly Cloudy"
"-79.63","43.68","TORONTO INTL A","6158731","2015-10-10 17:00","2015","10","10","17:00","15.4","","4.8","","49","","","","21","","14","","24.1","","99.56","","","","","","NA"
"-79.63","43.68","TORONTO INTL A","6158731","2015-10-10 18:00","2015","10","10","18:00","13.8","","6.7","","62","","","","18","","14","","24.1","","99.51","","","","","","NA"
"-79.63","43.68","TORONTO INTL A","6158731","2015-10-10 19:00","2015","10","10","19:00","13.2","","7.0","","66","","","","21","","16","","24.1","","99.51","","","","","","Mostly Cloudy"
"-79.63","43.68","TORONTO INTL A","6158731","2015-10-10 20:00","2015","10","10","20:00","12.0","","6.5","","69","","","","23","","15","","24.1","","99.47","","","","","","NA"
"-79.63","43.68","TORONTO INTL A","6158731","2015-10-10 21:00","2015","10","10","21:00","11.6","","7.0","","73","","","","22","","16","","24.1","","99.43","","","","","","NA"
"-79.63","43.68","TORONTO INTL A","6158731","2015-10-10 22:00","2015","10","10","22:00","11.1","","6.9","","75","","","","22","","17","","24.1","","99.39","","","","","","Mainly Clear"
"-79.63","43.68","TORONTO INTL A","6158731","2015-10-10 23:00","2015","10","10","23:00","10.8","","7.2","","78","","","","23","","18","","24.1","","99.33","","","","","","NA"
"-79.63","43.68","TORONTO INTL A","6158731","2015-10-11 00:00","2015","10","11","00:00","11.0","","7.2","","77","","","","22","","16","","24.1","","99.23","","","","","","NA"
"-79.63","43.68","TORONTO INTL A","6158731","2015-10-11 01:00","2015","10","11","01:00","10.8","","7.0","","77","","","","22","","17","","24.1","","99.15","","","","","","Mainly Clear"
"-79.63","43.68","TORONTO INTL A","6158731","2015-10-11 02:00","2015","10","11","02:00","11.2","","6.8","","74","","","","22","","15","","24.1","","99.15","","","","","","NA"
"-79.63","43.68","TORONTO INTL A","6158731","2015-10-11 03:00","2015","10","11","03:00","11.3","","7.1","","75","","","","22","","14","","24.1","","99.12","","","","","","NA"
"-79.63","43.68","TORONTO INTL A","6158731","2015-10-11 04:00","2015","10","11","04:00","11.5","","7.3","","75","","","","21","","12","","24.1","","99.09","","","","","","Mostly Cloudy"
"-79.63","43.68","TORONTO INTL A","6158731","2015-10-11 05:00","2015","10","11","05:00","11.4","","7.2","","75","","","","22","","13","","24.1","","99.05","","","","","","NA"
"-79.63","43.68","TORONTO INTL A","6158731","2015-10-11 06:00","2015","10","11","06:00","12.1","","7.2","","72","","","","22","","17","","24.1","","98.97","","","","","","NA"
"-79.63","43.68","TORONTO INTL A","6158731","2015-10-11 07:00","2015","10","11","07:00","12.0","","7.4","","73","","","","22","","22","","24.1","","98.90","","","","","","Mostly Cloudy"
"-79.63","43.68","TORONTO INTL A","6158731","2015-10-11 08:00","2015","10","11","08:00","13.2","","7.3","","67","","","","22","","21","","24.1","","98.89","","","","","","NA"
"-79.63","43.68","TORONTO INTL A","6158731","2015-10-11 09:00","2015","10","11","09:00","15.2","","7.3","","59","","","","22","","23","","24.1","","98.88","","","","","","NA"
"-79.63","43.68","TORONTO INTL A","6158731","2015-10-11 10:00","2015","10","11","10:00","16.5","","7.5","","55","","","","23","","28","","24.1","","98.84","","","","","","Mainly Clear"
"-79.63","43.68","TORONTO INTL A","6158731","2015-10-11 11:00","2015","10","11","11:00","19.0","","7.2","","46","","","","23","","25","","24.1","","98.78","","","","","","NA"
"-79.63","43.68","TORONTO INTL A","6158731","2015-10-11 12:00","2015","10","11","12:00","21.1","","7.1","","40","","","","23","","27","","24.1","","98.71","","","","","","NA"
"-79.63","43.68","TORONTO INTL A","6158731","2015-10-11 13:00","2015","10","11","13:00","21.9","","5.9","","35","","","","25","","36","","24.1","","98.63","","","","","","Mainly Clear"
"-79.63","43.68","TORONTO INTL A","6158731","2015-10-11 14:00","2015","10","11","14:00","22.7","","6.2","","34","","","","25","","31","","24.1","","98.55","","","","","","NA"
"-79.63","43.68","TORONTO INTL A","6158731","2015-10-11 15:00","2015","10","11","15:00","22.9","","6.8","","35","","","","23","","27","","24.1","","98.51","","","","","","NA"
"-79.63","43.68","TORONTO INTL A","6158731","2015-10-11 16:00","2015","10","11","16:00","22.0","","9.7","","45","","","","21","","24","","24.1","","98.50","","","","","","Clear"
"-79.63","43.68","TORONTO INTL A","6158731","2015-10-11 17:00","2015","10","11","17:00","20.3","","9.1","","48","","","","22","","25","","24.1","","98.50","","","","","","NA"
"-79.63","43.68","TORONTO INTL A","6158731","2015-10-11 18:00","2015","10","11","18:00","18.5","","9.4","","55","","","","23","","23","","24.1","","98.53","","","","","","NA"
"-79.63","43.68","TORONTO INTL A","6158731","2015-10-11 19:00","2015","10","11","19:00","17.4","","8.4","","55","","","","22","","20","","24.1","","98.57","","","","","","Clear"
"-79.63","43.68","TORONTO INTL A","6158731","2015-10-11 20:00","2015","10","11","20:00","17.3","","7.5","","52","","","","21","","14","","24.1","","98.57","","","","","","NA"
"-79.63","43.68","TORONTO INTL A","6158731","2015-10-11 21:00","2015","10","11","21:00","18.0","","6.9","","48","","","","22","","17","","24.1","","98.57","","","","","","NA"
"-79.63","43.68","TORONTO INTL A","6158731","2015-10-11 22:00","2015","10","11","22:00","17.7","","7.3","","50","","","","20","","13","","24.1","","98.58","","","","","","Clear"
"-79.63","43.68","TORONTO INTL A","6158731","2015-10-11 23:00","2015","10","11","23:00","17.0","","7.5","","53","","","","19","","9","","24.1","","98.57","","","","","","NA"
"-79.63","43.68","TORONTO INTL A","6158731","2015-10-12 00:00","2015","10","12","00:00","16.3","","8.1","","58","","","","19","","12","","24.1","","98.57","","","","","","NA"
"-79.63","43.68","TORONTO INTL A","6158731","2015-10-12 01:00","2015","10","12","01:00","16.0","","8.6","","61","","","","21","","15","","24.1","","98.57","","","","","","Clear"
"-79.63","43.68","TORONTO INTL A","6158731","2015-10-12 02:00","2015","10","12","02:00","15.5","","9.0","","65","","","","22","","16","","24.1","","98.56","","","","","","NA"
"-79.63","43.68","TORONTO INTL A","6158731","2015-10-12 03:00","2015","10","12","03:00","15.1","","9.1","","67","","","","21","","15","","24.1","","98.53","","","","","","NA"
"-79.63","43.68","TORONTO INTL A","6158731","2015-10-12 04:00","2015","10","12","04:00","13.8","","9.5","","75","","","","22","","13","","24.1","","98.50","","","","","","Clear"
"-79.63","43.68","TORONTO INTL A","6158731","2015-10-12 05:00","2015","10","12","05:00","13.8","","9.7","","76","","","","20","","9","","24.1","","98.53","","","","","","NA"
"-79.63","43.68","TORONTO INTL A","6158731","2015-10-12 06:00","2015","10","12","06:00","13.8","","10.1","","78","","","","21","","12","","24.1","","98.50","","","","","","NA"
"-79.63","43.68","TORONTO INTL A","6158731","2015-10-12 07:00","2015","10","12","07:00","13.3","","10.3","","82","","","","22","","10","","24.1","","98.52","","","","","","Clear"
"-79.63","43.68","TORONTO INTL A","6158731","2015-10-12 08:00","2015","10","12","08:00","15.7","","11.1","","74","","","","22","","16","","24.1","","98.53","","","","","","NA"
"-79.63","43.68","TORONTO INTL A","6158731","2015-10-12 09:00","2015","10","12","09:00","17.9","","10.8","","63","","","","20","","26","","24.1","","98.44","","","","","","NA"
"-79.63","43.68","TORONTO INTL A","6158731","2015-10-12 10:00","2015","10","12","10:00","19.6","","10.4","","55","","","","19","","20","","24.1","","98.41","","","","","","Mainly Clear"
"-79.63","43.68","TORONTO INTL A","6158731","2015-10-12 11:00","2015","10","12","11:00","21.1","","10.4","","50","","","","19","","21","","24.1","","98.31","","","","","","NA"
"-79.63","43.68","TORONTO INTL A","6158731","2015-10-12 12:00","2015","10","12","12:00","22.0","","11.0","","49","","","","18","","17","","24.1","","98.22","","","","","","NA"
"-79.63","43.68","TORONTO INTL A","6158731","2015-10-12 13:00","2015","10","12","13:00","22.1","","10.4","","47","","","","18","","22","","24.1","","98.11","","","","","","Mainly Clear"
"-79.63","43.68","TORONTO INTL A","6158731","2015-10-12 14:00","2015","10","12","14:00","22.3","","8.2","","40","","","","20","","36","","24.1","","98.02","","","","","","NA"
"-79.63","43.68","TORONTO INTL A","6158731","2015-10-12 15:00","2015","10","12","15:00","22.3","","8.6","","41","","","","20","","29","","24.1","","97.97","","","","","","NA"
"-79.63","43.68","TORONTO INTL A","6158731","2015-10-12 16:00","2015","10","12","16:00","21.7","","6.9","","38","","","","20","","23","","24.1","","97.97","","","","","","Mostly Cloudy"
"-79.63","43.68","TORONTO INTL A","6158731","2015-10-12 17:00","2015","10","12","17:00","21.4","","6.7","","38","","","","16","","14","","24.1","","97.89","","","","","","NA"
"-79.63","43.68","TORONTO INTL A","6158731","2015-10-12 18:00","2015","10","12","18:00","21.0","","7.0","","40","","","","20","","9","","24.1","","97.92","","","","","","NA"
"-79.63","43.68","TORONTO INTL A","6158731","2015-10-12 19:00","2015","10","12","19:00","20.5","","8.0","","44","","","","14","","10","","24.1","","97.86","","","","","","Thunderstorms"
"-79.63","43.68","TORONTO INTL A","6158731","2015-10-12 20:00","2015","10","12","20:00","18.4","","11.3","","63","","","","15","","13","","24.1","","97.80","","","","","","NA"
"-79.63","43.68","TORONTO INTL A","6158731","2015-10-12 21:00","2015","10","12","21:00","18.0","","11.2","","64","","","","15","","13","","24.1","","97.74","","","","","","NA"
"-79.63","43.68","TORONTO INTL A","6158731","2015-10-12 22:00","2015","10","12","22:00","17.6","","11.7","","68","","","","15","","13","","24.1","","97.66","","","","","","Mostly Cloudy"
"-79.63","43.68","TORONTO INTL A","6158731","2015-10-12 23:00","2015","10","12","23:00","18.0","","10.9","","63","","","","16","","14","","24.1","","97.57","","","","","","NA"
"-79.63","43.68","TORONTO INTL A","6158731","2015-10-13 00:00","2015","10","13","00:00","17.9","","11.1","","64","","","","16","","13","","24.1","","97.53","","","","","","NA"
"-79.63","43.68","TORONTO INTL A","6158731","2015-10-13 01:00","2015","10","13","01:00","18.2","","10.9","","62","","","","17","","9","","24.1","","97.46","","","","","","Mostly Cloudy"
"-79.63","43.68","TORONTO INTL A","6158731","2015-10-13 02:00","2015","10","13","02:00","18.3","","11.2","","63","","","","19","","18","","24.1","","97.41","","","","","","NA"
"-79.63","43.68","TORONTO INTL A","6158731","2015-10-13 03:00","2015","10","13","03:00","18.1","","11.7","","66","","","","20","","16","","24.1","","97.32","","","","","","NA"
"-79.63","43.68","TORONTO INTL A","6158731","2015-10-13 04:00","2015","10","13","04:00","17.6","","11.9","","69","","","","21","","16","","24.1","","97.33","","","","","","Mostly Cloudy"
"-79.63","43.68","TORONTO INTL A","6158731","2015-10-13 05:00","2015","10","13","05:00","16.8","","12.4","","75","","","","24","","22","","24.1","","97.39","","","","","","NA"
"-79.63","43.68","TORONTO INTL A","6158731","2015-10-13 06:00","2015","10","13","06:00","15.1","","9.9","","71","","","","25","","19","","24.1","","97.39","","","","","","NA"
"-79.63","43.68","TORONTO INTL A","6158731","2015-10-13 07:00","2015","10","13","07:00","14.3","","7.6","","64","","","","26","","34","","24.1","","97.49","","","","","","Mostly Cloudy"
"-79.63","43.68","TORONTO INTL A","6158731","2015-10-13 08:00","2015","10","13","08:00","13.5","","6.7","","63","","","","26","","29","","24.1","","97.57","","","","","","NA"
"-79.63","43.68","TORONTO INTL A","6158731","2015-10-13 09:00","2015","10","13","09:00","14.4","","6.6","","59","","","","24","","18","","24.1","","97.57","","","","","","NA"
"-79.63","43.68","TORONTO INTL A","6158731","2015-10-13 10:00","2015","10","13","10:00","13.8","","6.2","","60","","","","26","","25","","24.1","","97.59","","","","","","Mainly Clear"
"-79.63","43.68","TORONTO INTL A","6158731","2015-10-13 11:00","2015","10","13","11:00","14.1","","6.3","","59","","","","24","","35","","24.1","","97.65","","","","","","NA"
"-79.63","43.68","TORONTO INTL A","6158731","2015-10-13 12:00","2015","10","13","12:00","14.9","","7.0","","59","","","","27","","35","","24.1","","97.64","","","","","","NA"
"-79.63","43.68","TORONTO INTL A","6158731","2015-10-13 13:00","2015","10","13","13:00","14.8","","8.1","","64","","","","25","","31","","24.1","","97.65","","","","","","Mostly Cloudy"
"-79.63","43.68","TORONTO INTL A","6158731","2015-10-13 14:00","2015","10","13","14:00","14.7","","8.0","","64","","","","25","","36","","24.1","","97.68","","","","","","NA"
"-79.63","43.68","TORONTO INTL A","6158731","2015-10-13 15:00","2015","10","13","15:00","14.5","","8.7","","68","","","","25","","34","","24.1","","97.73","","","","","","NA"
"-79.63","43.68","TORONTO INTL A","6158731","2015-10-13 16:00","2015","10","13","16:00","14.4","","9.3","","71","","","","24","","32","","24.1","","97.78","","","","","","Mostly Cloudy"
"-79.63","43.68","TORONTO INTL A","6158731","2015-10-13 17:00","2015","10","13","17:00","14.2","","9.5","","73","","","","25","","30","","24.1","","97.84","","","","","","NA"
"-79.63","43.68","TORONTO INTL A","6158731","2015-10-13 18:00","2015","10","13","18:00","12.7","","10.6","","87","","","","25","","18","","24.1","","97.90","","","","","","NA"
"-79.63","43.68","TORONTO INTL A","6158731","2015-10-13 19:00","2015","10","13","19:00","12.8","","10.0","","83","","","","27","","20","","24.1","","98.01","","","","","","Mostly Cloudy"
"-79.63","43.68","TORONTO INTL A","6158731","2015-10-13 20:00","2015","10","13","20:00","11.9","","9.0","","82","","","","26","","17","","24.1","","98.05","","","","","","NA"
"-79.63","43.68","TORONTO INTL A","6158731","2015-10-13 21:00","2015","10","13","21:00","12.1","","8.2","","77","","","","28","","21","","24.1","","98.13","","","","","","NA"
"-79.63","43.68","TORONTO INTL A","6158731","2015-10-13 22:00","2015","10","13","22:00","11.6","","8.8","","83","","","","27","","18","","24.1","","98.19","","","","","","Mostly Cloudy"
"-79.63","43.68","TORONTO INTL A","6158731","2015-10-13 23:00","2015","10","13","23:00","11.9","","8.2","","78","","","","29","","27","","24.1","","98.22","","","","","","NA"
"-79.63","43.68","TORONTO INTL A","6158731","2015-10-14 00:00","2015","10","14","00:00","11.6","","7.7","","77","","","","29","","30","","24.1","","98.24","","","","","","Rain Showers"
"-79.63","43.68","TORONTO INTL A","6158731","2015-10-14 01:00","2015","10","14","01:00","10.5","","6.7","","77","","","","28","","28","","24.1","","98.25","","","","","","Mostly Cloudy"
"-79.63","43.68","TORONTO INTL A","6158731","2015-10-14 02:00","2015","10","14","02:00","10.4","","6.8","","78","","","","29","","28","","24.1","","98.31","","","","","","NA"
"-79.63","43.68","TORONTO INTL A","6158731","2015-10-14 03:00","2015","10","14","03:00","10.7","","6.5","","75","","","","31","","30","","24.1","","98.33","","","","","","NA"
"-79.63","43.68","TORONTO INTL A","6158731","2015-10-14 04:00","2015","10","14","04:00","9.9","","5.3","","73","","","","31","","23","","24.1","","98.40","","","","","","Mostly Cloudy"
"-79.63","43.68","TORONTO INTL A","6158731","2015-10-14 05:00","2015","10","14","05:00","9.3","","5.1","","75","","","","31","","19","","24.1","","98.49","","","","","","NA"
"-79.63","43.68","TORONTO INTL A","6158731","2015-10-14 06:00","2015","10","14","06:00","9.1","","4.5","","73","","","","30","","19","","24.1","","98.59","","","","","","NA"
"-79.63","43.68","TORONTO INTL A","6158731","2015-10-14 07:00","2015","10","14","07:00","8.1","","4.5","","78","","","","28","","14","","24.1","","98.69","","","","","","Mostly Cloudy"
"-79.63","43.68","TORONTO INTL A","6158731","2015-10-14 08:00","2015","10","14","08:00","9.2","","4.8","","74","","","","28","","16","","24.1","","98.75","","","","","","NA"
"-79.63","43.68","TORONTO INTL A","6158731","2015-10-14 09:00","2015","10","14","09:00","10.1","","4.1","","66","","","","30","","22","","24.1","","98.83","","","","","","NA"
"-79.63","43.68","TORONTO INTL A","6158731","2015-10-14 10:00","2015","10","14","10:00","9.3","","4.3","","71","","","","35","","20","","24.1","","98.90","","","","","","Mostly Cloudy"
"-79.63","43.68","TORONTO INTL A","6158731","2015-10-14 11:00","2015","10","14","11:00","10.4","","2.5","","58","","","","30","","22","","24.1","","98.94","","","","","","NA"
"-79.63","43.68","TORONTO INTL A","6158731","2015-10-14 12:00","2015","10","14","12:00","12.1","","1.8","","49","","","","28","","25","","24.1","","98.96","","","","","","NA"
"-79.63","43.68","TORONTO INTL A","6158731","2015-10-14 13:00","2015","10","14","13:00","11.8","","1.2","","48","","","","28","","17","","24.1","","98.94","","","","","","Mostly Cloudy"
"-79.63","43.68","TORONTO INTL A","6158731","2015-10-14 14:00","2015","10","14","14:00","11.7","","3.0","","55","","","","26","","19","","24.1","","98.95","","","","","","NA"
"-79.63","43.68","TORONTO INTL A","6158731","2015-10-14 15:00","2015","10","14","15:00","12.2","","1.9","","49","","","","29","","27","","24.1","","98.98","","","","","","NA"
"-79.63","43.68","TORONTO INTL A","6158731","2015-10-14 16:00","2015","10","14","16:00","12.2","","1.9","","49","","","","28","","21","","24.1","","99.01","","","","","","Mostly Cloudy"
"-79.63","43.68","TORONTO INTL A","6158731","2015-10-14 17:00","2015","10","14","17:00","11.5","","1.5","","50","","","","30","","27","","24.1","","99.06","","","","","","NA"
"-79.63","43.68","TORONTO INTL A","6158731","2015-10-14 18:00","2015","10","14","18:00","10.9","","1.2","","51","","","","31","","26","","24.1","","99.12","","","","","","NA"
"-79.63","43.68","TORONTO INTL A","6158731","2015-10-14 19:00","2015","10","14","19:00","9.1","","1.1","","57","","","","31","","23","","24.1","","99.21","","","","","","Mainly Clear"
"-79.63","43.68","TORONTO INTL A","6158731","2015-10-14 20:00","2015","10","14","20:00","8.4","","1.3","","61","","","","30","","15","","24.1","","99.29","","","","","","NA"
"-79.63","43.68","TORONTO INTL A","6158731","2015-10-14 21:00","2015","10","14","21:00","8.6","","2.2","","64","","","","26","","13","","24.1","","99.31","","","","","","NA"
"-79.63","43.68","TORONTO INTL A","6158731","2015-10-14 22:00","2015","10","14","22:00","7.0","","1.9","","70","","","","25","","9","","24.1","","99.30","","","","","","Clear"
"-79.63","43.68","TORONTO INTL A","6158731","2015-10-14 23:00","2015","10","14","23:00","6.8","","2.1","","72","","","","23","","14","","24.1","","99.25","","","","","","NA"
"-79.63","43.68","TORONTO INTL A","6158731","2015-10-15 00:00","2015","10","15","00:00","6.3","","2.0","","74","","","","23","","8","","24.1","","99.24","","","","","","NA"
"-79.63","43.68","TORONTO INTL A","6158731","2015-10-15 01:00","2015","10","15","01:00","5.6","","2.1","","78","","","","22","","9","","24.1","","99.23","","","","","","Clear"
"-79.63","43.68","TORONTO INTL A","6158731","2015-10-15 02:00","2015","10","15","02:00","5.7","","2.5","","80","","","","21","","10","","24.1","","99.19","","","","","","NA"
"-79.63","43.68","TORONTO INTL A","6158731","2015-10-15 03:00","2015","10","15","03:00","5.8","","2.3","","78","","","","21","","9","","24.1","","99.17","","","","","","NA"
"-79.63","43.68","TORONTO INTL A","6158731","2015-10-15 04:00","2015","10","15","04:00","5.6","","2.4","","80","","","","21","","9","","24.1","","99.12","","","","","","Clear"
"-79.63","43.68","TORONTO INTL A","6158731","2015-10-15 05:00","2015","10","15","05:00","4.8","","2.5","","85","","","","26","","17","","24.1","","99.14","","","","","","NA"
"-79.63","43.68","TORONTO INTL A","6158731","2015-10-15 06:00","2015","10","15","06:00","5.7","","2.7","","81","","","","24","","7","","24.1","","99.14","","","","","","NA"
"-79.63","43.68","TORONTO INTL A","6158731","2015-10-15 07:00","2015","10","15","07:00","7.2","","2.9","","74","","","","23","","14","","24.1","","99.13","","","","","","Mostly Cloudy"
"-79.63","43.68","TORONTO INTL A","6158731","2015-10-15 08:00","2015","10","15","08:00","8.7","","3.2","","68","","","","20","","11","","24.1","","99.09","","","","","","NA"
"-79.63","43.68","TORONTO INTL A","6158731","2015-10-15 09:00","2015","10","15","09:00","12.0","","5.7","","65","","","","25","","18","","24.1","","99.13","","","","","","NA"
"-79.63","43.68","TORONTO INTL A","6158731","2015-10-15 10:00","2015","10","15","10:00","13.8","","6.5","","61","","","","25","","23","","24.1","","99.08","","","","","","Clear"
"-79.63","43.68","TORONTO INTL A","6158731","2015-10-15 11:00","2015","10","15","11:00","15.6","","5.9","","52","","","","22","","22","","24.1","","99.03","","","","","","NA"
"-79.63","43.68","TORONTO INTL A","6158731","2015-10-15 12:00","2015","10","15","12:00","17.6","","4.0","","40","","","","23","","25","","24.1","","98.95","","","","","","NA"
"-79.63","43.68","TORONTO INTL A","6158731","2015-10-15 13:00","2015","10","15","13:00","17.1","","3.5","","40","","","","23","","31","","24.1","","98.86","","","","","","Mostly Cloudy"
"-79.63","43.68","TORONTO INTL A","6158731","2015-10-15 14:00","2015","10","15","14:00","16.8","","2.5","","38","","","","23","","35","","24.1","","98.77","","","","","","Rain Showers"
"-79.63","43.68","TORONTO INTL A","6158731","2015-10-15 15:00","2015","10","15","15:00","17.1","","2.8","","38","","","","24","","32","","24.1","","98.68","","","","","","Rain Showers"
"-79.63","43.68","TORONTO INTL A","6158731","2015-10-15 16:00","2015","10","15","16:00","16.3","","2.8","","40","","","","23","","30","","24.1","","98.66","","","","","","Mostly Cloudy"
"-79.63","43.68","TORONTO INTL A","6158731","2015-10-15 17:00","2015","10","15","17:00","11.1","","7.3","","77","","","","23","","18","","24.1","","98.73","","","","","","NA"
"-79.63","43.68","TORONTO INTL A","6158731","2015-10-15 18:00","2015","10","15","18:00","11.2","","6.8","","74","","","","25","","26","","24.1","","98.76","","","","","","NA"
"-79.63","43.68","TORONTO INTL A","6158731","2015-10-15 19:00","2015","10","15","19:00","10.4","","5.6","","72","","","","27","","16","","24.1","","98.92","","","","","","Rain Showers"
"-79.63","43.68","TORONTO INTL A","6158731","2015-10-15 20:00","2015","10","15","20:00","8.8","","6.4","","85","","","","26","","31","","9.7","","99.04","","","","","","Moderate Rain Showers"
"-79.63","43.68","TORONTO INTL A","6158731","2015-10-15 21:00","2015","10","15","21:00","8.8","","6.3","","84","","","","25","","18","","24.1","","98.97","","","","","","NA"
"-79.63","43.68","TORONTO INTL A","6158731","2015-10-15 22:00","2015","10","15","22:00","8.8","","5.7","","81","","","","27","","25","","24.1","","99.00","","","","","","Mostly Cloudy"
"-79.63","43.68","TORONTO INTL A","6158731","2015-10-15 23:00","2015","10","15","23:00","8.8","","5.2","","78","","","","27","","29","","24.1","","99.01","","","","","","NA"
"-79.63","43.68","TORONTO INTL A","6158731","2015-10-16 00:00","2015","10","16","00:00","8.2","","4.8","","79","","","","28","","19","","24.1","","98.99","","","","","","NA"
"-79.63","43.68","TORONTO INTL A","6158731","2015-10-16 01:00","2015","10","16","01:00","7.9","","4.9","","81","","","","29","","10","","24.1","","99.07","","","","","","Mostly Cloudy"
"-79.63","43.68","TORONTO INTL A","6158731","2015-10-16 02:00","2015","10","16","02:00","6.6","","3.9","","83","","","","28","","10","","24.1","","99.14","","","","","","NA"
"-79.63","43.68","TORONTO INTL A","6158731","2015-10-16 03:00","2015","10","16","03:00","6.4","","4.2","","86","","","","28","","16","","24.1","","99.17","","","","","","NA"
"-79.63","43.68","TORONTO INTL A","6158731","2015-10-16 04:00","2015","10","16","04:00","5.9","","3.8","","86","","","","26","","19","","24.1","","99.21","","","","","","Clear"
"-79.63","43.68","TORONTO INTL A","6158731","2015-10-16 05:00","2015","10","16","05:00","5.5","","3.4","","86","","","","28","","18","","24.1","","99.29","","","","","","NA"
"-79.63","43.68","TORONTO INTL A","6158731","2015-10-16 06:00","2015","10","16","06:00","5.2","","3.2","","87","","","","26","","16","","24.1","","99.36","","","","","","NA"
"-79.63","43.68","TORONTO INTL A","6158731","2015-10-16 07:00","2015","10","16","07:00","5.2","","3.1","","86","","","","28","","14","","24.1","","99.45","","","","","","Clear"
"-79.63","43.68","TORONTO INTL A","6158731","2015-10-16 08:00","2015","10","16","08:00","6.9","","3.9","","81","","","","29","","16","","24.1","","99.52","","","","","","NA"
"-79.63","43.68","TORONTO INTL A","6158731","2015-10-16 09:00","2015","10","16","09:00","8.5","","4.4","","75","","","","28","","17","","24.1","","99.56","","","","","","NA"
"-79.63","43.68","TORONTO INTL A","6158731","2015-10-16 10:00","2015","10","16","10:00","10.8","","5.4","","69","","","","27","","16","","24.1","","99.53","","","","","","Mainly Clear"
"-79.63","43.68","TORONTO INTL A","6158731","2015-10-16 11:00","2015","10","16","11:00","11.3","","4.8","","64","","","","26","","22","","24.1","","99.49","","","","","","NA"
"-79.63","43.68","TORONTO INTL A","6158731","2015-10-16 12:00","2015","10","16","12:00","8.4","","4.8","","78","","","","30","","44","","19.3","","99.48","","","","","","Rain Showers"
"-79.63","43.68","TORONTO INTL A","6158731","2015-10-16 13:00","2015","10","16","13:00","11.2","","5.3","","67","","","","27","","33","","24.1","","99.41","","","","","","Mainly Clear"
"-79.63","43.68","TORONTO INTL A","6158731","2015-10-16 14:00","2015","10","16","14:00","9.8","","4.8","","71","","","","28","","30","","24.1","","99.39","","","","","","Rain Showers"
"-79.63","43.68","TORONTO INTL A","6158731","2015-10-16 15:00","2015","10","16","15:00","9.9","","3.4","","64","","","","32","","28","","24.1","","99.46","","","","","","NA"
"-79.63","43.68","TORONTO INTL A","6158731","2015-10-16 16:00","2015","10","16","16:00","8.1","","2.4","","67","","","","30","","35","","24.1","","99.54","","","","","","Mostly Cloudy"
"-79.63","43.68","TORONTO INTL A","6158731","2015-10-16 17:00","2015","10","16","17:00","8.1","","-1.7","","50","","","","30","","38","","24.1","","99.59","","","","","","NA"
"-79.63","43.68","TORONTO INTL A","6158731","2015-10-16 18:00","2015","10","16","18:00","6.9","","-1.5","","55","","","","31","","25","","24.1","","99.67","","","","","","NA"
"-79.63","43.68","TORONTO INTL A","6158731","2015-10-16 19:00","2015","10","16","19:00","5.7","","-1.2","","61","","","","30","","26","","24.1","","99.73","","","","","","Mainly Clear"
"-79.63","43.68","TORONTO INTL A","6158731","2015-10-16 20:00","2015","10","16","20:00","5.3","","-2.1","","59","","","","30","","34","","24.1","","99.74","","","","","","NA"
"-79.63","43.68","TORONTO INTL A","6158731","2015-10-16 21:00","2015","10","16","21:00","4.2","","-1.8","","65","","","","28","","24","","24.1","","99.74","","","","","","NA"
"-79.63","43.68","TORONTO INTL A","6158731","2015-10-16 22:00","2015","10","16","22:00","4.2","","-1.8","","65","","","","31","","25","","24.1","","99.80","","","","","","Mainly Clear"
"-79.63","43.68","TORONTO INTL A","6158731","2015-10-16 23:00","2015","10","16","23:00","4.0","","-1.0","","70","","","","31","","27","","24.1","","99.85","","","","","","NA"
"-79.63","43.68","TORONTO INTL A","6158731","2015-10-17 00:00","2015","10","17","00:00","3.1","","0.0","","80","","","","34","","20","","24.1","","99.88","","","","","","NA"
"-79.63","43.68","TORONTO INTL A","6158731","2015-10-17 01:00","2015","10","17","01:00","1.7","","-0.7","","84","","","","34","","21","","24.1","","99.89","","","","","","Mostly Cloudy"
"-79.63","43.68","TORONTO INTL A","6158731","2015-10-17 02:00","2015","10","17","02:00","1.2","","-2.9","","74","","","","32","","21","","24.1","","99.93","","","","","","NA"
"-79.63","43.68","TORONTO INTL A","6158731","2015-10-17 03:00","2015","10","17","03:00","0.9","","-4.0","","70","","","","33","","20","","24.1","","99.95","","","","","","NA"
"-79.63","43.68","TORONTO INTL A","6158731","2015-10-17 04:00","2015","10","17","04:00","1.1","","-3.6","","71","","","","33","","22","","24.1","","99.98","","","","","","Mainly Clear"
"-79.63","43.68","TORONTO INTL A","6158731","2015-10-17 05:00","2015","10","17","05:00","1.4","","-2.9","","73","","","","31","","15","","24.1","","100.08","","","","","","NA"
"-79.63","43.68","TORONTO INTL A","6158731","2015-10-17 06:00","2015","10","17","06:00","1.2","","-3.1","","73","","","","33","","14","","24.1","","100.13","","","","","","NA"
"-79.63","43.68","TORONTO INTL A","6158731","2015-10-17 07:00","2015","10","17","07:00","0.6","","-3.5","","74","","","","32","","14","","24.1","","100.20","","","","","","Clear"
"-79.63","43.68","TORONTO INTL A","6158731","2015-10-17 08:00","2015","10","17","08:00","1.7","","-3.6","","68","","","","36","","11","","24.1","","100.27","","","","","","NA"
"-79.63","43.68","TORONTO INTL A","6158731","2015-10-17 09:00","2015","10","17","09:00","2.4","","-3.1","","67","","","","35","","15","","24.1","","100.31","","","","","","NA"
"-79.63","43.68","TORONTO INTL A","6158731","2015-10-17 10:00","2015","10","17","10:00","4.0","","-2.2","","64","","","","33","","14","","24.1","","100.30","","","","","","Mainly Clear"
"-79.63","43.68","TORONTO INTL A","6158731","2015-10-17 11:00","2015","10","17","11:00","4.1","","-2.8","","61","","","","35","","11","","24.1","","100.31","","","","","","NA"
"-79.63","43.68","TORONTO INTL A","6158731","2015-10-17 12:00","2015","10","17","12:00","4.9","","-2.9","","57","","","","2","","13","","24.1","","100.31","","","","","","NA"
"-79.63","43.68","TORONTO INTL A","6158731","2015-10-17 13:00","2015","10","17","13:00","1.6","","-1.1","","82","","","","27","","23","","9.7","","100.32","","","","","","Rain Showers,Snow Showers"
"-79.63","43.68","TORONTO INTL A","6158731","2015-10-17 14:00","2015","10","17","14:00","4.5","","-0.9","","68","","","","32","","21","","24.1","","100.28","","","","","","NA"
"-79.63","43.68","TORONTO INTL A","6158731","2015-10-17 15:00","2015","10","17","15:00","4.5","","-1.5","","65","","","","36","","21","","24.1","","100.28","","","","","","NA"
"-79.63","43.68","TORONTO INTL A","6158731","2015-10-17 16:00","2015","10","17","16:00","2.9","","-2.4","","68","","","","35","","19","","24.1","","100.32","","","","","","Mostly Cloudy"
"-79.63","43.68","TORONTO INTL A","6158731","2015-10-17 17:00","2015","10","17","17:00","3.7","","-3.6","","59","","","","33","","19","","24.1","","100.32","","","","","","NA"
"-79.63","43.68","TORONTO INTL A","6158731","2015-10-17 18:00","2015","10","17","18:00","2.5","","-3.2","","66","","","","35","","17","","24.1","","100.37","","","","","","NA"
"-79.63","43.68","TORONTO INTL A","6158731","2015-10-17 19:00","2015","10","17","19:00","2.5","","-3.2","","66","","","","34","","15","","24.1","","100.39","","","","","","Mainly Clear"
"-79.63","43.68","TORONTO INTL A","6158731","2015-10-17 20:00","2015","10","17","20:00","2.4","","-3.1","","67","","","","29","","16","","24.1","","100.42","","","","","","NA"
"-79.63","43.68","TORONTO INTL A","6158731","2015-10-17 21:00","2015","10","17","21:00","1.6","","-4.1","","66","","","","34","","14","","24.1","","100.46","","","","","","NA"
"-79.63","43.68","TORONTO INTL A","6158731","2015-10-17 22:00","2015","10","17","22:00","0.4","","-4.6","","69","","","","28","","8","","24.1","","100.48","","","","","","Mainly Clear"
"-79.63","43.68","TORONTO INTL A","6158731","2015-10-17 23:00","2015","10","17","23:00","-1.3","","-5.5","","73","","","","28","","16","","24.1","","100.46","","","","-6","","NA"
"-79.63","43.68","TORONTO INTL A","6158731","2015-10-18 00:00","2015","10","18","00:00","-0.2","","-5.2","","69","","","","33","","11","","24.1","","100.44","","","","-4","","NA"
"-79.63","43.68","TORONTO INTL A","6158731","2015-10-18 01:00","2015","10","18","01:00","-0.7","","-5.1","","72","","","","32","","13","","24.1","","100.45","","","","-5","","Mostly Cloudy"
"-79.63","43.68","TORONTO INTL A","6158731","2015-10-18 02:00","2015","10","18","02:00","-2.2","","-5.9","","76","","","","30","","8","","24.1","","100.42","","","","-5","","NA"
"-79.63","43.68","TORONTO INTL A","6158731","2015-10-18 03:00","2015","10","18","03:00","-1.6","","-5.1","","77","","","","29","","8","","24.1","","100.42","","","","-5","","NA"
"-79.63","43.68","TORONTO INTL A","6158731","2015-10-18 04:00","2015","10","18","04:00","-0.5","","-4.0","","77","","","","2","","9","","24.1","","100.45","","","","-4","","Mostly Cloudy"
"-79.63","43.68","TORONTO INTL A","6158731","2015-10-18 05:00","2015","10","18","05:00","-0.5","","-4.2","","76","","","","2","","7","","24.1","","100.47","","","","-3","","NA"
"-79.63","43.68","TORONTO INTL A","6158731","2015-10-18 06:00","2015","10","18","06:00","-0.3","","-3.7","","78","","","","31","","13","","24.1","","100.50","","","","-4","","NA"
"-79.63","43.68","TORONTO INTL A","6158731","2015-10-18 07:00","2015","10","18","07:00","0.3","","-3.8","","74","","","","31","","15","","24.1","","100.54","","","","","","Mostly Cloudy"
"-79.63","43.68","TORONTO INTL A","6158731","2015-10-18 08:00","2015","10","18","08:00","2.0","","-3.3","","68","","","","32","","10","","24.1","","100.60","","","","","","NA"
"-79.63","43.68","TORONTO INTL A","6158731","2015-10-18 09:00","2015","10","18","09:00","2.9","","-3.7","","62","","","","2","","7","","24.1","","100.63","","","","","","NA"
"-79.63","43.68","TORONTO INTL A","6158731","2015-10-18 10:00","2015","10","18","10:00","3.3","","-3.3","","62","","","","31","","14","","24.1","","100.69","","","","","","Mostly Cloudy"
"-79.63","43.68","TORONTO INTL A","6158731","2015-10-18 11:00","2015","10","18","11:00","4.2","","-3.3","","58","","","","35","","9","","24.1","","100.69","","","","","","NA"
"-79.63","43.68","TORONTO INTL A","6158731","2015-10-18 12:00","2015","10","18","12:00","4.7","","-4.3","","52","","","","31","","18","","24.1","","100.70","","","","","","NA"
"-79.63","43.68","TORONTO INTL A","6158731","2015-10-18 13:00","2015","10","18","13:00","4.8","","-5.6","","47","","","","30","","19","","24.1","","100.69","","","","","","Mostly Cloudy"
"-79.63","43.68","TORONTO INTL A","6158731","2015-10-18 14:00","2015","10","18","14:00","6.2","","-4.6","","46","","","","1","","17","","24.1","","100.67","","","","","","NA"
"-79.63","43.68","TORONTO INTL A","6158731","2015-10-18 15:00","2015","10","18","15:00","5.1","","-6.2","","44","","","","35","","19","","24.1","","100.71","","","","","","NA"
"-79.63","43.68","TORONTO INTL A","6158731","2015-10-18 16:00","2015","10","18","16:00","4.7","","-4.9","","50","","","","36","","21","","24.1","","100.74","","","","","","Mostly Cloudy"
"-79.63","43.68","TORONTO INTL A","6158731","2015-10-18 17:00","2015","10","18","17:00","3.2","","-4.3","","58","","","","35","","22","","24.1","","100.79","","","","","","NA"
"-79.63","43.68","TORONTO INTL A","6158731","2015-10-18 18:00","2015","10","18","18:00","2.7","","-4.5","","59","","","","34","","17","","24.1","","100.83","","","","","","NA"
"-79.63","43.68","TORONTO INTL A","6158731","2015-10-18 19:00","2015","10","18","19:00","1.9","","-4.2","","64","","","","35","","15","","24.1","","100.88","","","","","","Mainly Clear"
"-79.63","43.68","TORONTO INTL A","6158731","2015-10-18 20:00","2015","10","18","20:00","1.1","","-4.2","","68","","","","31","","9","","24.1","","100.87","","","","","","NA"
"-79.63","43.68","TORONTO INTL A","6158731","2015-10-18 21:00","2015","10","18","21:00","0.8","","-4.3","","69","","","","30","","7","","24.1","","100.88","","","","","","NA"
"-79.63","43.68","TORONTO INTL A","6158731","2015-10-18 22:00","2015","10","18","22:00","0.9","","-4.0","","70","","","","36","","1","","24.1","","100.87","","","","","","Clear"
"-79.63","43.68","TORONTO INTL A","6158731","2015-10-18 23:00","2015","10","18","23:00","0.6","","-4.3","","70","","","","25","","4","","24.1","","100.84","","","","","","NA"
"-79.63","43.68","TORONTO INTL A","6158731","2015-10-19 00:00","2015","10","19","00:00","-0.3","","-4.8","","72","","","","26","","7","","24.1","","100.81","","","","-3","","NA"
"-79.63","43.68","TORONTO INTL A","6158731","2015-10-19 01:00","2015","10","19","01:00","-0.9","","-4.3","","78","","","","24","","8","","24.1","","100.80","","","","-4","","Mainly Clear"
"-79.63","43.68","TORONTO INTL A","6158731","2015-10-19 02:00","2015","10","19","02:00","-1.4","","-4.8","","78","","","","25","","7","","24.1","","100.83","","","","-4","","NA"
"-79.63","43.68","TORONTO INTL A","6158731","2015-10-19 03:00","2015","10","19","03:00","-0.9","","-5.0","","74","","","","27","","3","","24.1","","100.80","","","","-2","","NA"
"-79.63","43.68","TORONTO INTL A","6158731","2015-10-19 04:00","2015","10","19","04:00","-0.6","","-5.6","","69","","","","23","","8","","24.1","","100.80","","","","-3","","Mainly Clear"
"-79.63","43.68","TORONTO INTL A","6158731","2015-10-19 05:00","2015","10","19","05:00","0.0","","-5.8","","65","","","","23","","8","","24.1","","100.81","","","","-3","","NA"
"-79.63","43.68","TORONTO INTL A","6158731","2015-10-19 06:00","2015","10","19","06:00","0.6","","-5.9","","62","","","","18","","5","","24.1","","100.72","","","","","","NA"
"-79.63","43.68","TORONTO INTL A","6158731","2015-10-19 07:00","2015","10","19","07:00","1.2","","-5.3","","62","","","","20","","5","","24.1","","100.67","","","","","","Mainly Clear"
"-79.63","43.68","TORONTO INTL A","6158731","2015-10-19 08:00","2015","10","19","08:00","3.3","","-2.9","","64","","","","20","","5","","24.1","","100.62","","","","","","NA"
"-79.63","43.68","TORONTO INTL A","6158731","2015-10-19 09:00","2015","10","19","09:00","6.7","","0.6","","65","","","","21","","20","","24.1","","100.56","","","","","","NA"
"-79.63","43.68","TORONTO INTL A","6158731","2015-10-19 10:00","2015","10","19","10:00","9.2","","1.6","","59","","","","21","","29","","24.1","","100.41","","","","","","Mainly Clear"
"-79.63","43.68","TORONTO INTL A","6158731","2015-10-19 11:00","2015","10","19","11:00","11.3","","1.6","","51","","","","22","","30","","24.1","","100.28","","","","","","NA"
"-79.63","43.68","TORONTO INTL A","6158731","2015-10-19 12:00","2015","10","19","12:00","12.7","","2.0","","48","","","","22","","31","","24.1","","100.12","","","","","","NA"
"-79.63","43.68","TORONTO INTL A","6158731","2015-10-19 13:00","2015","10","19","13:00","14.6","","2.6","","44","","","","21","","29","","24.1","","99.94","","","","","","Mostly Cloudy"
"-79.63","43.68","TORONTO INTL A","6158731","2015-10-19 14:00","2015","10","19","14:00","15.6","","1.8","","39","","","","21","","35","","24.1","","99.81","","","","","","NA"
"-79.63","43.68","TORONTO INTL A","6158731","2015-10-19 15:00","2015","10","19","15:00","15.3","","1.2","","38","","","","21","","28","","24.1","","99.72","","","","","","NA"
"-79.63","43.68","TORONTO INTL A","6158731","2015-10-19 16:00","2015","10","19","16:00","15.2","","1.1","","38","","","","21","","28","","24.1","","99.61","","","","","","Mostly Cloudy"
"-79.63","43.68","TORONTO INTL A","6158731","2015-10-19 17:00","2015","10","19","17:00","14.3","","0.6","","39","","","","21","","35","","24.1","","99.57","","","","","","NA"
"-79.63","43.68","TORONTO INTL A","6158731","2015-10-19 18:00","2015","10","19","18:00","14.0","","1.0","","41","","","","21","","32","","24.1","","99.43","","","","","","NA"
"-79.63","43.68","TORONTO INTL A","6158731","2015-10-19 19:00","2015","10","19","19:00","14.5","","0.8","","39","","","","22","","34","","24.1","","99.37","","","","","","Mostly Cloudy"
"-79.63","43.68","TORONTO INTL A","6158731","2015-10-19 20:00","2015","10","19","20:00","14.9","","1.2","","39","","","","22","","32","","24.1","","99.33","","","","","","NA"
"-79.63","43.68","TORONTO INTL A","6158731","2015-10-19 21:00","2015","10","19","21:00","15.1","","2.0","","41","","","","24","","37","","24.1","","99.46","","","","","","NA"
"-79.63","43.68","TORONTO INTL A","6158731","2015-10-19 22:00","2015","10","19","22:00","15.2","","2.8","","43","","","","23","","39","","24.1","","99.40","","","","","","Cloudy"
"-79.63","43.68","TORONTO INTL A","6158731","2015-10-19 23:00","2015","10","19","23:00","14.4","","4.5","","51","","","","24","","31","","24.1","","99.45","","","","","","Rain Showers"
"-79.63","43.68","TORONTO INTL A","6158731","2015-10-20 00:00","2015","10","20","00:00","14.7","","3.6","","47","","","","23","","23","","24.1","","99.51","","","","","","NA"
"-79.63","43.68","TORONTO INTL A","6158731","2015-10-20 01:00","2015","10","20","01:00","15.0","","2.3","","42","","","","23","","20","","24.1","","99.51","","","","","","Cloudy"
"-79.63","43.68","TORONTO INTL A","6158731","2015-10-20 02:00","2015","10","20","02:00","14.1","","2.4","","45","","","","24","","16","","24.1","","99.54","","","","","","NA"
"-79.63","43.68","TORONTO INTL A","6158731","2015-10-20 03:00","2015","10","20","03:00","14.2","","1.9","","43","","","","23","","16","","24.1","","99.49","","","","","","NA"
"-79.63","43.68","TORONTO INTL A","6158731","2015-10-20 04:00","2015","10","20","04:00","13.9","","2.9","","47","","","","25","","21","","24.1","","99.54","","","","","","Cloudy"
"-79.63","43.68","TORONTO INTL A","6158731","2015-10-20 05:00","2015","10","20","05:00","13.6","","2.9","","48","","","","25","","14","","24.1","","99.60","","","","","","NA"
"-79.63","43.68","TORONTO INTL A","6158731","2015-10-20 06:00","2015","10","20","06:00","13.3","","3.2","","50","","","","25","","21","","24.1","","99.66","","","","","","NA"
"-79.63","43.68","TORONTO INTL A","6158731","2015-10-20 07:00","2015","10","20","07:00","11.5","","6.1","","69","","","","25","","21","","24.1","","99.70","","","","","","Mostly Cloudy"
"-79.63","43.68","TORONTO INTL A","6158731","2015-10-20 08:00","2015","10","20","08:00","12.1","","5.1","","62","","","","24","","19","","24.1","","99.77","","","","","","NA"
"-79.63","43.68","TORONTO INTL A","6158731","2015-10-20 09:00","2015","10","20","09:00","12.9","","4.9","","58","","","","21","","13","","24.1","","99.78","","","","","","NA"
"-79.63","43.68","TORONTO INTL A","6158731","2015-10-20 10:00","2015","10","20","10:00","13.9","","4.8","","54","","","","23","","17","","24.1","","99.79","","","","","","Mostly Cloudy"
"-79.63","43.68","TORONTO INTL A","6158731","2015-10-20 11:00","2015","10","20","11:00","15.7","","5.1","","49","","","","22","","15","","24.1","","99.78","","","","","","NA"
"-79.63","43.68","TORONTO INTL A","6158731","2015-10-20 12:00","2015","10","20","12:00","17.4","","5.8","","46","","","","24","","18","","24.1","","99.76","","","","","","NA"
"-79.63","43.68","TORONTO INTL A","6158731","2015-10-20 13:00","2015","10","20","13:00","17.8","","5.8","","45","","","","24","","18","","24.1","","99.74","","","","","","Mostly Cloudy"
"-79.63","43.68","TORONTO INTL A","6158731","2015-10-20 14:00","2015","10","20","14:00","17.1","","6.4","","49","","","","26","","29","","24.1","","99.76","","","","","","Rain Showers"
"-79.63","43.68","TORONTO INTL A","6158731","2015-10-20 15:00","2015","10","20","15:00","16.0","","8.1","","59","","","","29","","21","","24.1","","99.77","","","","","","Rain Showers"
"-79.63","43.68","TORONTO INTL A","6158731","2015-10-20 16:00","2015","10","20","16:00","15.1","","9.1","","67","","","","29","","14","","24.1","","99.85","","","","","","Rain Showers"
"-79.63","43.68","TORONTO INTL A","6158731","2015-10-20 17:00","2015","10","20","17:00","14.4","","9.5","","72","","","","32","","13","","24.1","","99.90","","","","","","NA"
"-79.63","43.68","TORONTO INTL A","6158731","2015-10-20 18:00","2015","10","20","18:00","13.9","","9.0","","72","","","","35","","12","","24.1","","99.97","","","","","","NA"
"-79.63","43.68","TORONTO INTL A","6158731","2015-10-20 19:00","2015","10","20","19:00","13.8","","9.3","","74","","","","31","","5","","24.1","","100.03","","","","","","Cloudy"
"-79.63","43.68","TORONTO INTL A","6158731","2015-10-20 20:00","2015","10","20","20:00","13.8","","9.1","","73","","","","36","","2","","24.1","","100.06","","","","","","NA"
"-79.63","43.68","TORONTO INTL A","6158731","2015-10-20 21:00","2015","10","20","21:00","13.8","","8.9","","72","","","","26","","5","","24.1","","100.07","","","","","","NA"
"-79.63","43.68","TORONTO INTL A","6158731","2015-10-20 22:00","2015","10","20","22:00","13.2","","9.3","","77","","","","5","","4","","24.1","","100.08","","","","","","Cloudy"
"-79.63","43.68","TORONTO INTL A","6158731","2015-10-20 23:00","2015","10","20","23:00","13.2","","9.1","","76","","","","4","","4","","24.1","","100.11","","","","","","NA"
"-79.63","43.68","TORONTO INTL A","6158731","2015-10-21 00:00","2015","10","21","00:00","12.9","","9.2","","78","","","","35","","4","","24.1","","100.13","","","","","","NA"
"-79.63","43.68","TORONTO INTL A","6158731","2015-10-21 01:00","2015","10","21","01:00","12.3","","9.7","","84","","","","30","","5","","24.1","","100.18","","","","","","Cloudy"
"-79.63","43.68","TORONTO INTL A","6158731","2015-10-21 02:00","2015","10","21","02:00","12.8","","9.1","","78","","","","1","","4","","24.1","","100.19","","","","","","NA"
"-79.63","43.68","TORONTO INTL A","6158731","2015-10-21 03:00","2015","10","21","03:00","12.1","","9.3","","83","","","","2","","4","","24.1","","100.19","","","","","","NA"
"-79.63","43.68","TORONTO INTL A","6158731","2015-10-21 04:00","2015","10","21","04:00","11.5","","9.1","","85","","","","2","","10","","24.1","","100.23","","","","","","Mostly Cloudy"
"-79.63","43.68","TORONTO INTL A","6158731","2015-10-21 05:00","2015","10","21","05:00","12.0","","8.7","","80","","","","6","","7","","24.1","","100.26","","","","","","NA"
"-79.63","43.68","TORONTO INTL A","6158731","2015-10-21 06:00","2015","10","21","06:00","10.9","","7.6","","80","","","","9","","13","","24.1","","100.32","","","","","","NA"
"-79.63","43.68","TORONTO INTL A","6158731","2015-10-21 07:00","2015","10","21","07:00","10.2","","6.0","","75","","","","9","","11","","24.1","","100.34","","","","","","Cloudy"
"-79.63","43.68","TORONTO INTL A","6158731","2015-10-21 08:00","2015","10","21","08:00","10.0","","5.6","","74","","","","9","","13","","24.1","","100.42","","","","","","NA"
"-79.63","43.68","TORONTO INTL A","6158731","2015-10-21 09:00","2015","10","21","09:00","10.3","","6.1","","75","","","","10","","11","","24.1","","100.42","","","","","","NA"
"-79.63","43.68","TORONTO INTL A","6158731","2015-10-21 10:00","2015","10","21","10:00","9.6","","5.4","","75","","","","10","","14","","24.1","","100.44","","","","","","Rain"
"-79.63","43.68","TORONTO INTL A","6158731","2015-10-21 11:00","2015","10","21","11:00","9.5","","4.7","","72","","","","8","","11","","24.1","","100.40","","","","","","NA"
"-79.63","43.68","TORONTO INTL A","6158731","2015-10-21 12:00","2015","10","21","12:00","10.2","","4.8","","69","","","","10","","17","","24.1","","100.29","","","","","","NA"
"-79.63","43.68","TORONTO INTL A","6158731","2015-10-21 13:00","2015","10","21","13:00","9.8","","4.8","","71","","","","7","","11","","24.1","","100.28","","","","","","Cloudy"
"-79.63","43.68","TORONTO INTL A","6158731","2015-10-21 14:00","2015","10","21","14:00","10.6","","5.8","","72","","","","10","","14","","24.1","","100.19","","","","","","NA"
"-79.63","43.68","TORONTO INTL A","6158731","2015-10-21 15:00","2015","10","21","15:00","10.5","","6.3","","75","","","","8","","11","","24.1","","100.16","","","","","","NA"
"-79.63","43.68","TORONTO INTL A","6158731","2015-10-21 16:00","2015","10","21","16:00","10.1","","6.7","","79","","","","10","","8","","24.1","","100.13","","","","","","Cloudy"
"-79.63","43.68","TORONTO INTL A","6158731","2015-10-21 17:00","2015","10","21","17:00","10.3","","7.2","","81","","","","9","","10","","24.1","","100.08","","","","","","NA"
"-79.63","43.68","TORONTO INTL A","6158731","2015-10-21 18:00","2015","10","21","18:00","10.0","","7.4","","84","","","","10","","10","","24.1","","99.99","","","","","","NA"
"-79.63","43.68","TORONTO INTL A","6158731","2015-10-21 19:00","2015","10","21","19:00","10.6","","8.2","","85","","","","10","","7","","19.3","","99.97","","","","","","Mostly Cloudy"
"-79.63","43.68","TORONTO INTL A","6158731","2015-10-21 20:00","2015","10","21","20:00","11.8","","10.1","","89","","","","15","","5","","19.3","","99.87","","","","","","NA"
"-79.63","43.68","TORONTO INTL A","6158731","2015-10-21 21:00","2015","10","21","21:00","12.2","","11.0","","92","","","","14","","6","","19.3","","99.75","","","","","","Rain Showers"
"-79.63","43.68","TORONTO INTL A","6158731","2015-10-21 22:00","2015","10","21","22:00","12.0","","10.9","","93","","","","16","","6","","16.1","","99.65","","","","","","Cloudy"
"-79.63","43.68","TORONTO INTL A","6158731","2015-10-21 23:00","2015","10","21","23:00","11.9","","10.8","","93","","","","18","","4","","16.1","","99.66","","","","","","Rain Showers"
"-79.63","43.68","TORONTO INTL A","6158731","2015-10-22 00:00","2015","10","22","00:00","11.7","","10.6","","93","","","","15","","10","","19.3","","99.49","","","","","","NA"
"-79.63","43.68","TORONTO INTL A","6158731","2015-10-22 01:00","2015","10","22","01:00","12.1","","10.2","","88","","","","17","","9","","24.1","","99.46","","","","","","Mostly Cloudy"
"-79.63","43.68","TORONTO INTL A","6158731","2015-10-22 02:00","2015","10","22","02:00","13.9","","9.4","","74","","","","23","","18","","24.1","","99.40","","","","","","NA"
"-79.63","43.68","TORONTO INTL A","6158731","2015-10-22 03:00","2015","10","22","03:00","14.9","","9.5","","70","","","","23","","16","","24.1","","99.39","","","","","","NA"
"-79.63","43.68","TORONTO INTL A","6158731","2015-10-22 04:00","2015","10","22","04:00","15.2","","10.0","","71","","","","23","","16","","24.1","","99.42","","","","","","Mostly Cloudy"
"-79.63","43.68","TORONTO INTL A","6158731","2015-10-22 05:00","2015","10","22","05:00","14.7","","10.0","","73","","","","23","","12","","24.1","","99.48","","","","","","NA"
"-79.63","43.68","TORONTO INTL A","6158731","2015-10-22 06:00","2015","10","22","06:00","13.8","","10.4","","80","","","","29","","21","","24.1","","99.57","","","","","","NA"
"-79.63","43.68","TORONTO INTL A","6158731","2015-10-22 07:00","2015","10","22","07:00","13.3","","9.8","","79","","","","31","","28","","24.1","","99.68","","","","","","Cloudy"
"-79.63","43.68","TORONTO INTL A","6158731","2015-10-22 08:00","2015","10","22","08:00","12.1","","7.0","","71","","","","32","","26","","24.1","","99.79","","","","","","NA"
"-79.63","43.68","TORONTO INTL A","6158731","2015-10-22 09:00","2015","10","22","09:00","12.9","","6.5","","65","","","","29","","29","","24.1","","99.87","","","","","","NA"
"-79.63","43.68","TORONTO INTL A","6158731","2015-10-22 10:00","2015","10","22","10:00","13.7","","6.6","","62","","","","31","","28","","24.1","","99.91","","","","","","Mostly Cloudy"
"-79.63","43.68","TORONTO INTL A","6158731","2015-10-22 11:00","2015","10","22","11:00","14.3","","5.7","","56","","","","31","","30","","24.1","","99.91","","","","","","NA"
"-79.63","43.68","TORONTO INTL A","6158731","2015-10-22 12:00","2015","10","22","12:00","15.2","","5.5","","52","","","","30","","31","","24.1","","99.96","","","","","","NA"
"-79.63","43.68","TORONTO INTL A","6158731","2015-10-22 13:00","2015","10","22","13:00","14.3","","4.9","","53","","","","30","","27","","24.1","","99.92","","","","","","Mainly Clear"
"-79.63","43.68","TORONTO INTL A","6158731","2015-10-22 14:00","2015","10","22","14:00","14.9","","4.1","","48","","","","29","","30","","24.1","","99.91","","","","","","NA"
"-79.63","43.68","TORONTO INTL A","6158731","2015-10-22 15:00","2015","10","22","15:00","15.9","","3.4","","43","","","","29","","30","","24.1","","99.91","","","","","","NA"
"-79.63","43.68","TORONTO INTL A","6158731","2015-10-22 16:00","2015","10","22","16:00","14.9","","2.8","","44","","","","29","","30","","24.1","","99.98","","","","","","Mainly Clear"
"-79.63","43.68","TORONTO INTL A","6158731","2015-10-22 17:00","2015","10","22","17:00","12.9","","1.9","","47","","","","31","","36","","24.1","","100.09","","","","","","NA"
"-79.63","43.68","TORONTO INTL A","6158731","2015-10-22 18:00","2015","10","22","18:00","11.3","","1.6","","51","","","","31","","30","","24.1","","100.20","","","","","","NA"
"-79.63","43.68","TORONTO INTL A","6158731","2015-10-22 19:00","2015","10","22","19:00","10.4","","2.0","","56","","","","30","","21","","24.1","","100.28","","","","","","Clear"
"-79.63","43.68","TORONTO INTL A","6158731","2015-10-22 20:00","2015","10","22","20:00","9.5","","2.8","","63","","","","29","","17","","24.1","","100.31","","","","","","NA"
"-79.63","43.68","TORONTO INTL A","6158731","2015-10-22 21:00","2015","10","22","21:00","8.7","","2.5","","65","","","","31","","20","","24.1","","100.37","","","","","","NA"
"-79.63","43.68","TORONTO INTL A","6158731","2015-10-22 22:00","2015","10","22","22:00","7.7","","2.4","","69","","","","31","","17","","24.1","","100.42","","","","","","Mainly Clear"
"-79.63","43.68","TORONTO INTL A","6158731","2015-10-22 23:00","2015","10","22","23:00","7.7","","2.8","","71","","","","32","","15","","24.1","","100.46","","","","","","NA"
"-79.63","43.68","TORONTO INTL A","6158731","2015-10-23 00:00","2015","10","23","00:00","6.9","","0.6","","64","","","","1","","21","","24.1","","100.53","","","","","","NA"
"-79.63","43.68","TORONTO INTL A","6158731","2015-10-23 01:00","2015","10","23","01:00","4.9","","-1.1","","65","","","","2","","18","","24.1","","100.59","","","","","","Clear"
"-79.63","43.68","TORONTO INTL A","6158731","2015-10-23 02:00","2015","10","23","02:00","3.7","","-2.3","","65","","","","36","","17","","24.1","","100.66","","","","","","NA"
"-79.63","43.68","TORONTO INTL A","6158731","2015-10-23 03:00","2015","10","23","03:00","2.6","","-2.9","","67","","","","1","","16","","24.1","","100.69","","","","","","NA"
"-79.63","43.68","TORONTO INTL A","6158731","2015-10-23 04:00","2015","10","23","04:00","1.9","","-3.2","","69","","","","35","","12","","24.1","","100.71","","","","","","Clear"
"-79.63","43.68","TORONTO INTL A","6158731","2015-10-23 05:00","2015","10","23","05:00","1.4","","-3.1","","72","","","","34","","13","","24.1","","100.76","","","","","","NA"
"-79.63","43.68","TORONTO INTL A","6158731","2015-10-23 06:00","2015","10","23","06:00","1.8","","-3.3","","69","","","","35","","17","","24.1","","100.77","","","","","","NA"
"-79.63","43.68","TORONTO INTL A","6158731","2015-10-23 07:00","2015","10","23","07:00","1.0","","-3.5","","72","","","","36","","13","","24.1","","100.78","","","","","","Clear"
"-79.63","43.68","TORONTO INTL A","6158731","2015-10-23 08:00","2015","10","23","08:00","2.6","","-2.5","","69","","","","2","","7","","24.1","","100.83","","","","","","NA"
"-79.63","43.68","TORONTO INTL A","6158731","2015-10-23 09:00","2015","10","23","09:00","3.8","","-2.4","","64","","","","6","","5","","24.1","","100.88","","","","","","NA"
"-79.63","43.68","TORONTO INTL A","6158731","2015-10-23 10:00","2015","10","23","10:00","4.8","","-2.3","","60","","","","34","","5","","24.1","","100.90","","","","","","Mainly Clear"
"-79.63","43.68","TORONTO INTL A","6158731","2015-10-23 11:00","2015","10","23","11:00","6.0","","-1.9","","57","","","","27","","4","","24.1","","100.83","","","","","","NA"
"-79.63","43.68","TORONTO INTL A","6158731","2015-10-23 12:00","2015","10","23","12:00","7.9","","-1.3","","52","","","","35","","4","","24.1","","100.78","","","","","","NA"
"-79.63","43.68","TORONTO INTL A","6158731","2015-10-23 13:00","2015","10","23","13:00","8.6","","-1.8","","48","","","","15","","12","","24.1","","100.72","","","","","","Clear"
"-79.63","43.68","TORONTO INTL A","6158731","2015-10-23 14:00","2015","10","23","14:00","8.6","","-1.5","","49","","","","16","","8","","24.1","","100.69","","","","","","NA"
"-79.63","43.68","TORONTO INTL A","6158731","2015-10-23 15:00","2015","10","23","15:00","8.5","","-0.5","","53","","","","15","","10","","24.1","","100.66","","","","","","NA"
"-79.63","43.68","TORONTO INTL A","6158731","2015-10-23 16:00","2015","10","23","16:00","8.1","","-3.1","","45","","","","12","","16","","24.1","","100.62","","","","","","Mainly Clear"
"-79.63","43.68","TORONTO INTL A","6158731","2015-10-23 17:00","2015","10","23","17:00","7.1","","-2.9","","49","","","","9","","10","","24.1","","100.58","","","","","","NA"
"-79.63","43.68","TORONTO INTL A","6158731","2015-10-23 18:00","2015","10","23","18:00","6.3","","-2.1","","55","","","","13","","8","","24.1","","100.55","","","","","","NA"
"-79.63","43.68","TORONTO INTL A","6158731","2015-10-23 19:00","2015","10","23","19:00","5.7","","-0.6","","64","","","","9","","13","","24.1","","100.51","","","","","","Mostly Cloudy"
"-79.63","43.68","TORONTO INTL A","6158731","2015-10-23 20:00","2015","10","23","20:00","6.0","","0.4","","67","","","","8","","9","","24.1","","100.52","","","","","","NA"
"-79.63","43.68","TORONTO INTL A","6158731","2015-10-23 21:00","2015","10","23","21:00","6.1","","0.7","","68","","","","9","","10","","24.1","","100.50","","","","","","NA"
"-79.63","43.68","TORONTO INTL A","6158731","2015-10-23 22:00","2015","10","23","22:00","6.5","","1.4","","70","","","","10","","9","","24.1","","100.42","","","","","","Mostly Cloudy"
"-79.63","43.68","TORONTO INTL A","6158731","2015-10-23 23:00","2015","10","23","23:00","7.6","","2.9","","72","","","","11","","22","","24.1","","100.36","","","","","","NA"
"-79.63","43.68","TORONTO INTL A","6158731","2015-10-24 00:00","2015","10","24","00:00","7.3","","1.6","","67","","","","12","","25","","24.1","","100.30","","","","","","NA"
"-79.63","43.68","TORONTO INTL A","6158731","2015-10-24 01:00","2015","10","24","01:00","7.0","","2.1","","71","","","","11","","31","","24.1","","100.15","","","","","","Cloudy"
"-79.63","43.68","TORONTO INTL A","6158731","2015-10-24 02:00","2015","10","24","02:00","7.2","","2.1","","70","","","","11","","21","","24.1","","100.10","","","","","","NA"
"-79.63","43.68","TORONTO INTL A","6158731","2015-10-24 03:00","2015","10","24","03:00","7.2","","2.3","","71","","","","10","","12","","24.1","","100.08","","","","","","NA"
"-79.63","43.68","TORONTO INTL A","6158731","2015-10-24 04:00","2015","10","24","04:00","7.5","","2.2","","69","","","","11","","12","","24.1","","99.98","","","","","","Mostly Cloudy"
"-79.63","43.68","TORONTO INTL A","6158731","2015-10-24 05:00","2015","10","24","05:00","7.4","","2.5","","71","","","","8","","14","","24.1","","99.90","","","","","","NA"
"-79.63","43.68","TORONTO INTL A","6158731","2015-10-24 06:00","2015","10","24","06:00","7.8","","3.5","","74","","","","19","","9","","24.1","","99.90","","","","","","NA"
"-79.63","43.68","TORONTO INTL A","6158731","2015-10-24 07:00","2015","10","24","07:00","8.1","","3.8","","74","","","","11","","14","","24.1","","99.80","","","","","","Cloudy"
"-79.63","43.68","TORONTO INTL A","6158731","2015-10-24 08:00","2015","10","24","08:00","8.9","","3.6","","69","","","","12","","12","","24.1","","99.76","","","","","","NA"
"-79.63","43.68","TORONTO INTL A","6158731","2015-10-24 09:00","2015","10","24","09:00","9.8","","4.2","","68","","","","10","","9","","24.1","","99.68","","","","","","NA"
"-79.63","43.68","TORONTO INTL A","6158731","2015-10-24 10:00","2015","10","24","10:00","10.7","","4.9","","67","","","","13","","12","","24.1","","99.66","","","","","","Rain"
"-79.63","43.68","TORONTO INTL A","6158731","2015-10-24 11:00","2015","10","24","11:00","10.3","","7.0","","80","","","","12","","10","","24.1","","99.57","","","","","","Rain"
"-79.63","43.68","TORONTO INTL A","6158731","2015-10-24 12:00","2015","10","24","12:00","10.4","","7.7","","83","","","","13","","10","","24.1","","99.52","","","","","","Rain"
"-79.63","43.68","TORONTO INTL A","6158731","2015-10-24 13:00","2015","10","24","13:00","10.1","","7.9","","86","","","","13","","12","","16.1","","99.40","","","","","","Rain"
"-79.63","43.68","TORONTO INTL A","6158731","2015-10-24 14:00","2015","10","24","14:00","9.9","","8.0","","88","","","","12","","16","","24.1","","99.24","","","","","","Rain"
"-79.63","43.68","TORONTO INTL A","6158731","2015-10-24 15:00","2015","10","24","15:00","10.7","","8.8","","88","","","","12","","14","","12.9","","99.20","","","","","","Rain"
"-79.63","43.68","TORONTO INTL A","6158731","2015-10-24 16:00","2015","10","24","16:00","11.1","","9.9","","92","","","","14","","10","","19.3","","99.10","","","","","","Cloudy"
"-79.63","43.68","TORONTO INTL A","6158731","2015-10-24 17:00","2015","10","24","17:00","11.3","","10.2","","93","","","","12","","11","","9.7","","98.97","","","","","","Fog"
"-79.63","43.68","TORONTO INTL A","6158731","2015-10-24 18:00","2015","10","24","18:00","11.9","","10.3","","90","","","","13","","9","","9.7","","98.92","","","","","","Fog"
"-79.63","43.68","TORONTO INTL A","6158731","2015-10-24 19:00","2015","10","24","19:00","12.6","","11.2","","91","","","","15","","12","","16.1","","98.82","","","","","","Cloudy"
"-79.63","43.68","TORONTO INTL A","6158731","2015-10-24 20:00","2015","10","24","20:00","14.5","","13.1","","91","","","","17","","14","","16.1","","98.69","","","","","","NA"
"-79.63","43.68","TORONTO INTL A","6158731","2015-10-24 21:00","2015","10","24","21:00","15.7","","14.3","","91","","","","19","","17","","4.8","","98.66","","","","","","Moderate Rain,Fog"
"-79.63","43.68","TORONTO INTL A","6158731","2015-10-24 22:00","2015","10","24","22:00","15.9","","15.0","","94","","","","22","","21","","16.1","","98.67","","","","","","Rain"
"-79.63","43.68","TORONTO INTL A","6158731","2015-10-24 23:00","2015","10","24","23:00","15.5","","13.4","","87","","","","23","","19","","24.1","","98.73","","","","","","NA"
"-79.63","43.68","TORONTO INTL A","6158731","2015-10-25 00:00","2015","10","25","00:00","15.5","","12.5","","82","","","","25","","27","","24.1","","98.75","","","","","","NA"
"-79.63","43.68","TORONTO INTL A","6158731","2015-10-25 01:00","2015","10","25","01:00","12.0","","8.7","","80","","","","30","","24","","24.1","","98.92","","","","","","Mostly Cloudy"
"-79.63","43.68","TORONTO INTL A","6158731","2015-10-25 02:00","2015","10","25","02:00","10.8","","7.9","","82","","","","30","","34","","24.1","","99.12","","","","","","NA"
"-79.63","43.68","TORONTO INTL A","6158731","2015-10-25 03:00","2015","10","25","03:00","10.4","","6.8","","78","","","","28","","26","","24.1","","99.24","","","","","","NA"
"-79.63","43.68","TORONTO INTL A","6158731","2015-10-25 04:00","2015","10","25","04:00","9.5","","5.7","","77","","","","29","","27","","24.1","","99.28","","","","","","Mostly Cloudy"
"-79.63","43.68","TORONTO INTL A","6158731","2015-10-25 05:00","2015","10","25","05:00","9.1","","5.7","","79","","","","29","","30","","24.1","","99.41","","","","","","NA"
"-79.63","43.68","TORONTO INTL A","6158731","2015-10-25 06:00","2015","10","25","06:00","9.6","","5.6","","76","","","","30","","27","","24.1","","99.57","","","","","","NA"
"-79.63","43.68","TORONTO INTL A","6158731","2015-10-25 07:00","2015","10","25","07:00","9.2","","5.0","","75","","","","31","","27","","16.1","","99.71","","","","","","Mostly Cloudy"
"-79.63","43.68","TORONTO INTL A","6158731","2015-10-25 08:00","2015","10","25","08:00","9.0","","3.2","","67","","","","31","","29","","24.1","","99.86","","","","","","NA"
"-79.63","43.68","TORONTO INTL A","6158731","2015-10-25 09:00","2015","10","25","09:00","9.8","","3.1","","63","","","","30","","24","","24.1","","99.99","","","","","","NA"
"-79.63","43.68","TORONTO INTL A","6158731","2015-10-25 10:00","2015","10","25","10:00","10.5","","3.1","","60","","","","31","","20","","24.1","","100.08","","","","","","Mostly Cloudy"
"-79.63","43.68","TORONTO INTL A","6158731","2015-10-25 11:00","2015","10","25","11:00","12.4","","2.3","","50","","","","30","","28","","24.1","","100.15","","","","","","NA"
"-79.63","43.68","TORONTO INTL A","6158731","2015-10-25 12:00","2015","10","25","12:00","12.3","","2.2","","50","","","","31","","27","","24.1","","100.20","","","","","","NA"
"-79.63","43.68","TORONTO INTL A","6158731","2015-10-25 13:00","2015","10","25","13:00","12.6","","2.8","","51","","","","31","","27","","24.1","","100.19","","","","","","Mainly Clear"
"-79.63","43.68","TORONTO INTL A","6158731","2015-10-25 14:00","2015","10","25","14:00","12.4","","1.5","","47","","","","30","","30","","24.1","","100.20","","","","","","NA"
"-79.63","43.68","TORONTO INTL A","6158731","2015-10-25 15:00","2015","10","25","15:00","12.9","","1.9","","47","","","","30","","23","","24.1","","100.24","","","","","","NA"
"-79.63","43.68","TORONTO INTL A","6158731","2015-10-25 16:00","2015","10","25","16:00","12.3","","1.4","","47","","","","29","","21","","24.1","","100.30","","","","","","Mainly Clear"
"-79.63","43.68","TORONTO INTL A","6158731","2015-10-25 17:00","2015","10","25","17:00","11.3","","1.3","","50","","","","31","","23","","24.1","","100.39","","","","","","NA"
"-79.63","43.68","TORONTO INTL A","6158731","2015-10-25 18:00","2015","10","25","18:00","9.4","","1.6","","58","","","","32","","22","","24.1","","100.51","","","","","","NA"
"-79.63","43.68","TORONTO INTL A","6158731","2015-10-25 19:00","2015","10","25","19:00","8.1","","1.7","","64","","","","32","","17","","24.1","","100.60","","","","","","Clear"
"-79.63","43.68","TORONTO INTL A","6158731","2015-10-25 20:00","2015","10","25","20:00","7.2","","1.5","","67","","","","31","","16","","24.1","","100.69","","","","","","NA"
"-79.63","43.68","TORONTO INTL A","6158731","2015-10-25 21:00","2015","10","25","21:00","6.5","","1.4","","70","","","","36","","10","","24.1","","100.73","","","","","","NA"
"-79.63","43.68","TORONTO INTL A","6158731","2015-10-25 22:00","2015","10","25","22:00","6.0","","3.0","","81","","","","36","","13","","24.1","","100.75","","","","","","Clear"
"-79.63","43.68","TORONTO INTL A","6158731","2015-10-25 23:00","2015","10","25","23:00","4.8","","2.2","","83","","","","2","","8","","24.1","","100.77","","","","","","NA"
"-79.63","43.68","TORONTO INTL A","6158731","2015-10-26 00:00","2015","10","26","00:00","4.5","","2.0","","84","","","","36","","9","","24.1","","100.79","","","","","","NA"
"-79.63","43.68","TORONTO INTL A","6158731","2015-10-26 01:00","2015","10","26","01:00","3.6","","1.3","","85","","","","36","","2","","24.1","","100.86","","","","","","Mostly Cloudy"
"-79.63","43.68","TORONTO INTL A","6158731","2015-10-26 02:00","2015","10","26","02:00","3.8","","2.0","","88","","","","34","","10","","24.1","","100.91","","","","","","NA"
"-79.63","43.68","TORONTO INTL A","6158731","2015-10-26 03:00","2015","10","26","03:00","2.6","","0.8","","88","","","","25","","3","","24.1","","100.96","","","","","","NA"
"-79.63","43.68","TORONTO INTL A","6158731","2015-10-26 04:00","2015","10","26","04:00","3.4","","1.6","","88","","","","27","","7","","24.1","","101.01","","","","","","Mostly Cloudy"
"-79.63","43.68","TORONTO INTL A","6158731","2015-10-26 05:00","2015","10","26","05:00","3.7","","1.6","","86","","","","36","","2","","24.1","","101.04","","","","","","NA"
"-79.63","43.68","TORONTO INTL A","6158731","2015-10-26 06:00","2015","10","26","06:00","4.0","","1.2","","82","","","","5","","7","","24.1","","101.05","","","","","","NA"
"-79.63","43.68","TORONTO INTL A","6158731","2015-10-26 07:00","2015","10","26","07:00","4.0","","1.4","","83","","","","1","","9","","24.1","","101.12","","","","","","Mostly Cloudy"
"-79.63","43.68","TORONTO INTL A","6158731","2015-10-26 08:00","2015","10","26","08:00","5.2","","1.1","","75","","","","4","","9","","24.1","","101.18","","","","","","NA"
"-79.63","43.68","TORONTO INTL A","6158731","2015-10-26 09:00","2015","10","26","09:00","7.1","","1.0","","65","","","","9","","10","","24.1","","101.19","","","","","","NA"
"-79.63","43.68","TORONTO INTL A","6158731","2015-10-26 10:00","2015","10","26","10:00","8.7","","1.6","","61","","","","13","","7","","24.1","","101.22","","","","","","Mainly Clear"
"-79.63","43.68","TORONTO INTL A","6158731","2015-10-26 11:00","2015","10","26","11:00","9.2","","1.2","","57","","","","15","","14","","24.1","","101.20","","","","","","NA"
"-79.63","43.68","TORONTO INTL A","6158731","2015-10-26 12:00","2015","10","26","12:00","9.6","","1.5","","57","","","","15","","11","","24.1","","101.16","","","","","","NA"
"-79.63","43.68","TORONTO INTL A","6158731","2015-10-26 13:00","2015","10","26","13:00","9.3","","1.0","","56","","","","16","","17","","24.1","","101.10","","","","","","Mostly Cloudy"
"-79.63","43.68","TORONTO INTL A","6158731","2015-10-26 14:00","2015","10","26","14:00","9.7","","1.6","","57","","","","15","","8","","24.1","","101.08","","","","","","NA"
"-79.63","43.68","TORONTO INTL A","6158731","2015-10-26 15:00","2015","10","26","15:00","9.3","","0.8","","55","","","","11","","14","","24.1","","101.05","","","","","","NA"
"-79.63","43.68","TORONTO INTL A","6158731","2015-10-26 16:00","2015","10","26","16:00","8.6","","0.3","","56","","","","15","","16","","24.1","","101.06","","","","","","Mostly Cloudy"
"-79.63","43.68","TORONTO INTL A","6158731","2015-10-26 17:00","2015","10","26","17:00","8.2","","0.5","","58","","","","15","","14","","24.1","","101.06","","","","","","NA"
"-79.63","43.68","TORONTO INTL A","6158731","2015-10-26 18:00","2015","10","26","18:00","7.3","","0.5","","62","","","","10","","10","","24.1","","101.08","","","","","","NA"
"-79.63","43.68","TORONTO INTL A","6158731","2015-10-26 19:00","2015","10","26","19:00","7.2","","0.9","","64","","","","11","","7","","24.1","","101.12","","","","","","Clear"
"-79.63","43.68","TORONTO INTL A","6158731","2015-10-26 20:00","2015","10","26","20:00","7.1","","0.8","","64","","","","13","","7","","24.1","","101.11","","","","","","NA"
"-79.63","43.68","TORONTO INTL A","6158731","2015-10-26 21:00","2015","10","26","21:00","6.5","","1.2","","69","","","","7","","3","","24.1","","101.13","","","","","","NA"
"-79.63","43.68","TORONTO INTL A","6158731","2015-10-26 22:00","2015","10","26","22:00","6.5","","1.4","","70","","","","11","","5","","24.1","","101.14","","","","","","Mainly Clear"
"-79.63","43.68","TORONTO INTL A","6158731","2015-10-26 23:00","2015","10","26","23:00","6.3","","2.6","","77","","","","13","","7","","24.1","","101.13","","","","","","NA"
"-79.63","43.68","TORONTO INTL A","6158731","2015-10-27 00:00","2015","10","27","00:00","6.4","","1.9","","73","","","","12","","6","","24.1","","101.13","","","","","","NA"
"-79.63","43.68","TORONTO INTL A","6158731","2015-10-27 01:00","2015","10","27","01:00","5.9","","2.0","","76","","","","6","","4","","24.1","","101.11","","","","","","Cloudy"
"-79.63","43.68","TORONTO INTL A","6158731","2015-10-27 02:00","2015","10","27","02:00","4.5","","1.5","","81","","","","2","","8","","24.1","","101.09","","","","","","NA"
"-79.63","43.68","TORONTO INTL A","6158731","2015-10-27 03:00","2015","10","27","03:00","3.2","","0.8","","84","","","","1","","8","","24.1","","101.08","","","","","","NA"
"-79.63","43.68","TORONTO INTL A","6158731","2015-10-27 04:00","2015","10","27","04:00","3.1","","0.7","","84","","","","2","","10","","24.1","","101.06","","","","","","Mostly Cloudy"
"-79.63","43.68","TORONTO INTL A","6158731","2015-10-27 05:00","2015","10","27","05:00","2.8","","0.5","","85","","","","36","","7","","24.1","","101.10","","","","","","NA"
"-79.63","43.68","TORONTO INTL A","6158731","2015-10-27 06:00","2015","10","27","06:00","3.1","","0.5","","83","","","","1","","10","","24.1","","101.12","","","","","","NA"
"-79.63","43.68","TORONTO INTL A","6158731","2015-10-27 07:00","2015","10","27","07:00","3.4","","1.0","","84","","","","2","","9","","24.1","","101.16","","","","","","Mostly Cloudy"
"-79.63","43.68","TORONTO INTL A","6158731","2015-10-27 08:00","2015","10","27","08:00","5.6","","2.3","","79","","","","6","","6","","24.1","","101.15","","","","","","NA"
"-79.63","43.68","TORONTO INTL A","6158731","2015-10-27 09:00","2015","10","27","09:00","8.0","","2.3","","67","","","","9","","15","","24.1","","101.22","","","","","","NA"
"-79.63","43.68","TORONTO INTL A","6158731","2015-10-27 10:00","2015","10","27","10:00","9.4","","3.2","","65","","","","9","","13","","24.1","","101.24","","","","","","Mostly Cloudy"
"-79.63","43.68","TORONTO INTL A","6158731","2015-10-27 11:00","2015","10","27","11:00","10.1","","3.2","","62","","","","10","","22","","24.1","","101.20","","","","","","NA"
"-79.63","43.68","TORONTO INTL A","6158731","2015-10-27 12:00","2015","10","27","12:00","10.5","","4.0","","64","","","","8","","17","","24.1","","101.12","","","","","","NA"
"-79.63","43.68","TORONTO INTL A","6158731","2015-10-27 13:00","2015","10","27","13:00","11.1","","3.7","","60","","","","6","","18","","24.1","","101.03","","","","","","Mostly Cloudy"
"-79.63","43.68","TORONTO INTL A","6158731","2015-10-27 14:00","2015","10","27","14:00","10.7","","2.6","","57","","","","7","","16","","24.1","","100.94","","","","","","NA"
"-79.63","43.68","TORONTO INTL A","6158731","2015-10-27 15:00","2015","10","27","15:00","10.1","","0.2","","50","","","","9","","22","","24.1","","100.87","","","","","","NA"
"-79.63","43.68","TORONTO INTL A","6158731","2015-10-27 16:00","2015","10","27","16:00","9.0","","0.7","","56","","","","8","","17","","24.1","","100.83","","","","","","Mostly Cloudy"
"-79.63","43.68","TORONTO INTL A","6158731","2015-10-27 17:00","2015","10","27","17:00","8.2","","1.8","","64","","","","8","","20","","24.1","","100.74","","","","","","NA"
"-79.63","43.68","TORONTO INTL A","6158731","2015-10-27 18:00","2015","10","27","18:00","8.0","","1.2","","62","","","","9","","20","","24.1","","100.73","","","","","","NA"
"-79.63","43.68","TORONTO INTL A","6158731","2015-10-27 19:00","2015","10","27","19:00","8.2","","2.5","","67","","","","8","","23","","24.1","","100.71","","","","","","Cloudy"
"-79.63","43.68","TORONTO INTL A","6158731","2015-10-27 20:00","2015","10","27","20:00","8.2","","2.7","","68","","","","9","","20","","24.1","","100.66","","","","","","NA"
"-79.63","43.68","TORONTO INTL A","6158731","2015-10-27 21:00","2015","10","27","21:00","8.2","","2.5","","67","","","","9","","22","","24.1","","100.59","","","","","","NA"
"-79.63","43.68","TORONTO INTL A","6158731","2015-10-27 22:00","2015","10","27","22:00","8.0","","3.5","","73","","","","8","","21","","24.1","","100.50","","","","","","Cloudy"
"-79.63","43.68","TORONTO INTL A","6158731","2015-10-27 23:00","2015","10","27","23:00","8.5","","5.3","","80","","","","9","","14","","24.1","","100.43","","","","","","NA"
"-79.63","43.68","TORONTO INTL A","6158731","2015-10-28 00:00","2015","10","28","00:00","9.8","","4.4","","69","","","","11","","21","","24.1","","100.30","","","","","","NA"
"-79.63","43.68","TORONTO INTL A","6158731","2015-10-28 01:00","2015","10","28","01:00","10.6","","5.2","","69","","","","11","","29","","24.1","","100.17","","","","","","Cloudy"
"-79.63","43.68","TORONTO INTL A","6158731","2015-10-28 02:00","2015","10","28","02:00","10.6","","5.6","","71","","","","11","","25","","24.1","","100.08","","","","","","NA"
"-79.63","43.68","TORONTO INTL A","6158731","2015-10-28 03:00","2015","10","28","03:00","9.1","","7.1","","87","","","","11","","25","","24.1","","99.96","","","","","","Rain"
"-79.63","43.68","TORONTO INTL A","6158731","2015-10-28 04:00","2015","10","28","04:00","8.8","","7.4","","91","","","","10","","20","","19.3","","99.83","","","","","","Rain"
"-79.63","43.68","TORONTO INTL A","6158731","2015-10-28 05:00","2015","10","28","05:00","9.0","","7.6","","91","","","","9","","19","","12.9","","99.64","","","","","","Rain"
"-79.63","43.68","TORONTO INTL A","6158731","2015-10-28 06:00","2015","10","28","06:00","9.1","","8.0","","93","","","","10","","24","","9.7","","99.52","","","","","","Rain"
"-79.63","43.68","TORONTO INTL A","6158731","2015-10-28 07:00","2015","10","28","07:00","9.3","","8.2","","93","","","","9","","24","","8.1","","99.33","","","","","","Rain,Fog"
"-79.63","43.68","TORONTO INTL A","6158731","2015-10-28 08:00","2015","10","28","08:00","9.5","","8.4","","93","","","","10","","34","","4.0","","99.14","","","","","","Heavy Rain,Fog"
"-79.63","43.68","TORONTO INTL A","6158731","2015-10-28 09:00","2015","10","28","09:00","9.6","","8.5","","93","","","","10","","34","","4.8","","99.02","","","","","","Moderate Rain,Fog"
"-79.63","43.68","TORONTO INTL A","6158731","2015-10-28 10:00","2015","10","28","10:00","9.7","","8.6","","93","","","","10","","32","","6.4","","98.85","","","","","","Rain,Fog"
"-79.63","43.68","TORONTO INTL A","6158731","2015-10-28 11:00","2015","10","28","11:00","9.9","","8.8","","93","","","","10","","25","","8.1","","98.67","","","","","","Rain,Fog"
"-79.63","43.68","TORONTO INTL A","6158731","2015-10-28 12:00","2015","10","28","12:00","10.5","","9.6","","94","","","","9","","27","","8.1","","98.48","","","","","","Rain,Fog"
"-79.63","43.68","TORONTO INTL A","6158731","2015-10-28 13:00","2015","10","28","13:00","11.0","","10.2","","95","","","","9","","21","","6.4","","98.27","","","","","","Rain,Fog"
"-79.63","43.68","TORONTO INTL A","6158731","2015-10-28 14:00","2015","10","28","14:00","11.3","","10.5","","95","","","","10","","20","","6.4","","98.13","","","","","","Rain,Fog"
"-79.63","43.68","TORONTO INTL A","6158731","2015-10-28 15:00","2015","10","28","15:00","11.9","","11.1","","95","","","","10","","21","","6.4","","97.98","","","","","","Rain,Fog"
"-79.63","43.68","TORONTO INTL A","6158731","2015-10-28 16:00","2015","10","28","16:00","13.1","","12.3","","95","","","","12","","18","","6.4","","97.91","","","","","","Rain,Fog"
"-79.63","43.68","TORONTO INTL A","6158731","2015-10-28 17:00","2015","10","28","17:00","13.5","","12.7","","95","","","","12","","18","","8.1","","97.81","","","","","","Drizzle,Fog"
"-79.63","43.68","TORONTO INTL A","6158731","2015-10-28 18:00","2015","10","28","18:00","13.8","","13.0","","95","","","","14","","14","","6.4","","97.74","","","","","","Drizzle,Fog"
"-79.63","43.68","TORONTO INTL A","6158731","2015-10-28 19:00","2015","10","28","19:00","13.7","","13.1","","96","","","","15","","12","","6.4","","97.67","","","","","","Drizzle,Fog"
"-79.63","43.68","TORONTO INTL A","6158731","2015-10-28 20:00","2015","10","28","20:00","13.7","","13.1","","96","","","","16","","10","","0.4","","97.61","","","","","","Drizzle,Fog"
"-79.63","43.68","TORONTO INTL A","6158731","2015-10-28 21:00","2015","10","28","21:00","13.8","","13.2","","96","","","","17","","12","","9.7","","97.58","","","","","","Fog"
"-79.63","43.68","TORONTO INTL A","6158731","2015-10-28 22:00","2015","10","28","22:00","14.0","","13.4","","96","","","","18","","8","","19.3","","97.50","","","","","","Mostly Cloudy"
"-79.63","43.68","TORONTO INTL A","6158731","2015-10-28 23:00","2015","10","28","23:00","13.2","","12.6","","96","","","","15","","9","","19.3","","97.48","","","","","","NA"
"-79.63","43.68","TORONTO INTL A","6158731","2015-10-29 00:00","2015","10","29","00:00","14.6","","13.3","","92","","","","21","","19","","19.3","","97.44","","","","","","NA"
"-79.63","43.68","TORONTO INTL A","6158731","2015-10-29 01:00","2015","10","29","01:00","13.9","","11.5","","85","","","","23","","25","","24.1","","97.49","","","","","","Mostly Cloudy"
"-79.63","43.68","TORONTO INTL A","6158731","2015-10-29 02:00","2015","10","29","02:00","13.0","","10.2","","83","","","","23","","26","","24.1","","97.52","","","","","","NA"
"-79.63","43.68","TORONTO INTL A","6158731","2015-10-29 03:00","2015","10","29","03:00","11.9","","8.4","","79","","","","21","","21","","24.1","","97.52","","","","","","NA"
"-79.63","43.68","TORONTO INTL A","6158731","2015-10-29 04:00","2015","10","29","04:00","11.9","","7.8","","76","","","","22","","21","","24.1","","97.49","","","","","","Mostly Cloudy"
"-79.63","43.68","TORONTO INTL A","6158731","2015-10-29 05:00","2015","10","29","05:00","11.5","","8.4","","81","","","","19","","13","","19.3","","97.43","","","","","","Rain"
"-79.63","43.68","TORONTO INTL A","6158731","2015-10-29 06:00","2015","10","29","06:00","11.3","","7.3","","76","","","","22","","22","","24.1","","97.43","","","","","","NA"
"-79.63","43.68","TORONTO INTL A","6158731","2015-10-29 07:00","2015","10","29","07:00","7.9","","-1.3","","52","","","","23","","53","","24.1","","97.55","","","","","","Mainly Clear"
"-79.63","43.68","TORONTO INTL A","6158731","2015-10-29 08:00","2015","10","29","08:00","7.0","","-0.9","","57","","","","23","","39","","24.1","","97.73","","","","","","NA"
"-79.63","43.68","TORONTO INTL A","6158731","2015-10-29 09:00","2015","10","29","09:00","6.7","","-2.5","","52","","","","23","","45","","24.1","","97.82","","","","","","NA"
"-79.63","43.68","TORONTO INTL A","6158731","2015-10-29 10:00","2015","10","29","10:00","7.6","","-3.0","","47","","","","24","","43","","24.1","","97.83","","","","","","Mainly Clear"
"-79.63","43.68","TORONTO INTL A","6158731","2015-10-29 11:00","2015","10","29","11:00","7.7","","-3.8","","44","","","","25","","41","","24.1","","97.84","","","","","","NA"
"-79.63","43.68","TORONTO INTL A","6158731","2015-10-29 12:00","2015","10","29","12:00","8.5","","-3.0","","44","","","","24","","40","","24.1","","97.87","","","","","","NA"
"-79.63","43.68","TORONTO INTL A","6158731","2015-10-29 13:00","2015","10","29","13:00","7.8","","-2.0","","50","","","","25","","44","","24.1","","97.87","","","","","","Mostly Cloudy"
"-79.63","43.68","TORONTO INTL A","6158731","2015-10-29 14:00","2015","10","29","14:00","7.8","","-2.0","","50","","","","23","","39","","24.1","","97.94","","","","","","NA"
"-79.63","43.68","TORONTO INTL A","6158731","2015-10-29 15:00","2015","10","29","15:00","7.5","","-1.5","","53","","","","24","","39","","24.1","","98.00","","","","","","NA"
"-79.63","43.68","TORONTO INTL A","6158731","2015-10-29 16:00","2015","10","29","16:00","7.0","","-0.9","","57","","","","23","","34","","24.1","","98.07","","","","","","Cloudy"
"-79.63","43.68","TORONTO INTL A","6158731","2015-10-29 17:00","2015","10","29","17:00","6.9","","-0.3","","60","","","","23","","35","","24.1","","98.12","","","","","","NA"
"-79.63","43.68","TORONTO INTL A","6158731","2015-10-29 18:00","2015","10","29","18:00","7.0","","0.7","","64","","","","24","","44","","24.1","","98.18","","","","","","NA"
"-79.63","43.68","TORONTO INTL A","6158731","2015-10-29 19:00","2015","10","29","19:00","7.1","","1.8","","69","","","","25","","33","","24.1","","98.27","","","","","","Cloudy"
"-79.63","43.68","TORONTO INTL A","6158731","2015-10-29 20:00","2015","10","29","20:00","6.8","","1.9","","71","","","","24","","28","","24.1","","98.34","","","","","","NA"
"-79.63","43.68","TORONTO INTL A","6158731","2015-10-29 21:00","2015","10","29","21:00","6.8","","2.7","","75","","","","25","","27","","24.1","","98.39","","","","","","NA"
"-79.63","43.68","TORONTO INTL A","6158731","2015-10-29 22:00","2015","10","29","22:00","6.8","","3.6","","80","","","","25","","30","","24.1","","98.44","","","","","","Mostly Cloudy"
"-79.63","43.68","TORONTO INTL A","6158731","2015-10-29 23:00","2015","10","29","23:00","7.4","","3.8","","78","","","","26","","25","","24.1","","98.52","","","","","","NA"
"-79.63","43.68","TORONTO INTL A","6158731","2015-10-30 00:00","2015","10","30","00:00","7.7","","3.6","","75","","","","29","","35","","24.1","","98.58","","","","","","NA"
"-79.63","43.68","TORONTO INTL A","6158731","2015-10-30 01:00","2015","10","30","01:00","7.1","","2.6","","73","","","","31","","39","","24.1","","98.71","","","","","","Mainly Clear"
"-79.63","43.68","TORONTO INTL A","6158731","2015-10-30 02:00","2015","10","30","02:00","5.8","","1.7","","75","","","","31","","31","","24.1","","98.84","","","","","","NA"
"-79.63","43.68","TORONTO INTL A","6158731","2015-10-30 03:00","2015","10","30","03:00","4.6","","0.4","","74","","","","31","","19","","24.1","","98.94","","","","","","NA"
"-79.63","43.68","TORONTO INTL A","6158731","2015-10-30 04:00","2015","10","30","04:00","4.5","","-0.1","","72","","","","30","","20","","24.1","","99.07","","","","","","Mainly Clear"
"-79.63","43.68","TORONTO INTL A","6158731","2015-10-30 05:00","2015","10","30","05:00","3.2","","-0.3","","78","","","","28","","13","","24.1","","99.22","","","","","","NA"
"-79.63","43.68","TORONTO INTL A","6158731","2015-10-30 06:00","2015","10","30","06:00","3.4","","0.3","","80","","","","27","","17","","24.1","","99.33","","","","","","NA"
"-79.63","43.68","TORONTO INTL A","6158731","2015-10-30 07:00","2015","10","30","07:00","2.8","","0.0","","82","","","","29","","12","","24.1","","99.45","","","","","","Mainly Clear"
"-79.63","43.68","TORONTO INTL A","6158731","2015-10-30 08:00","2015","10","30","08:00","4.7","","0.5","","74","","","","31","","17","","24.1","","99.57","","","","","","NA"
"-79.63","43.68","TORONTO INTL A","6158731","2015-10-30 09:00","2015","10","30","09:00","5.2","","0.6","","72","","","","32","","19","","24.1","","99.68","","","","","","NA"
"-79.63","43.68","TORONTO INTL A","6158731","2015-10-30 10:00","2015","10","30","10:00","6.1","","-0.6","","62","","","","30","","15","","24.1","","99.74","","","","","","Mostly Cloudy"
"-79.63","43.68","TORONTO INTL A","6158731","2015-10-30 11:00","2015","10","30","11:00","6.7","","-1.2","","57","","","","34","","23","","24.1","","99.79","","","","","","NA"
"-79.63","43.68","TORONTO INTL A","6158731","2015-10-30 12:00","2015","10","30","12:00","7.3","","-0.4","","58","","","","36","","11","","24.1","","99.75","","","","","","NA"
"-79.63","43.68","TORONTO INTL A","6158731","2015-10-30 13:00","2015","10","30","13:00","9.1","","-0.5","","51","","","","33","","9","","24.1","","99.74","","","","","","Mostly Cloudy"
"-79.63","43.68","TORONTO INTL A","6158731","2015-10-30 14:00","2015","10","30","14:00","9.6","","-1.4","","46","","","","27","","14","","24.1","","99.73","","","","","","NA"
"-79.63","43.68","TORONTO INTL A","6158731","2015-10-30 15:00","2015","10","30","15:00","9.8","","-1.2","","46","","","","30","","14","","24.1","","99.76","","","","","","NA"
"-79.63","43.68","TORONTO INTL A","6158731","2015-10-30 16:00","2015","10","30","16:00","9.2","","-1.2","","48","","","","29","","17","","24.1","","99.80","","","","","","Mainly Clear"
"-79.63","43.68","TORONTO INTL A","6158731","2015-10-30 17:00","2015","10","30","17:00","7.6","","-1.6","","52","","","","29","","19","","24.1","","99.82","","","","","","NA"
"-79.63","43.68","TORONTO INTL A","6158731","2015-10-30 18:00","2015","10","30","18:00","6.1","","-1.3","","59","","","","29","","13","","24.1","","99.92","","","","","","NA"
"-79.63","43.68","TORONTO INTL A","6158731","2015-10-30 19:00","2015","10","30","19:00","5.6","","-1.1","","62","","","","28","","9","","24.1","","99.94","","","","","","Clear"
"-79.63","43.68","TORONTO INTL A","6158731","2015-10-30 20:00","2015","10","30","20:00","5.1","","-0.9","","65","","","","29","","10","","24.1","","99.96","","","","","","NA"
"-79.63","43.68","TORONTO INTL A","6158731","2015-10-30 21:00","2015","10","30","21:00","4.0","","-1.0","","70","","","","5","","5","","24.1","","99.85","","","","","","NA"
"-79.63","43.68","TORONTO INTL A","6158731","2015-10-30 22:00","2015","10","30","22:00","4.1","","-1.1","","69","","","","1","","6","","24.1","","99.97","","","","","","Clear"
"-79.63","43.68","TORONTO INTL A","6158731","2015-10-30 23:00","2015","10","30","23:00","3.4","","-1.0","","73","","","","4","","5","","24.1","","99.93","","","","","","NA"
"-79.63","43.68","TORONTO INTL A","6158731","2015-10-31 00:00","2015","10","31","00:00","1.9","","-1.9","","76","","","","36","","2","","24.1","","99.93","","","","","","NA"
"-79.63","43.68","TORONTO INTL A","6158731","2015-10-31 01:00","2015","10","31","01:00","1.6","","-1.8","","78","","","","30","","4","","24.1","","99.98","","","","","","Clear"
"-79.63","43.68","TORONTO INTL A","6158731","2015-10-31 02:00","2015","10","31","02:00","1.5","","-1.4","","81","","","","31","","4","","24.1","","100.01","","","","","","NA"
"-79.63","43.68","TORONTO INTL A","6158731","2015-10-31 03:00","2015","10","31","03:00","1.3","","-1.6","","81","","","","1","","3","","24.1","","99.99","","","","","","NA"
"-79.63","43.68","TORONTO INTL A","6158731","2015-10-31 04:00","2015","10","31","04:00","1.2","","-1.2","","84","","","","32","","3","","24.1","","100.02","","","","","","Cloudy"
"-79.63","43.68","TORONTO INTL A","6158731","2015-10-31 05:00","2015","10","31","05:00","2.3","","-0.8","","80","","","","5","","5","","24.1","","99.97","","","","","","NA"
"-79.63","43.68","TORONTO INTL A","6158731","2015-10-31 06:00","2015","10","31","06:00","3.0","","-0.3","","79","","","","36","","3","","24.1","","100.00","","","","","","NA"
"-79.63","43.68","TORONTO INTL A","6158731","2015-10-31 07:00","2015","10","31","07:00","3.4","","-0.3","","77","","","","36","","3","","24.1","","100.00","","","","","","Mostly Cloudy"
"-79.63","43.68","TORONTO INTL A","6158731","2015-10-31 08:00","2015","10","31","08:00","4.7","","-0.1","","71","","","","36","","3","","24.1","","99.99","","","","","","NA"
"-79.63","43.68","TORONTO INTL A","6158731","2015-10-31 09:00","2015","10","31","09:00","5.1","","1.0","","75","","","","13","","5","","24.1","","99.98","","","","","","NA"
"-79.63","43.68","TORONTO INTL A","6158731","2015-10-31 10:00","2015","10","31","10:00","6.4","","2.1","","74","","","","13","","8","","24.1","","99.83","","","","","","Mostly Cloudy"
"-79.63","43.68","TORONTO INTL A","6158731","2015-10-31 11:00","2015","10","31","11:00","7.9","","2.8","","70","","","","15","","9","","24.1","","99.86","","","","","","NA"
"-79.63","43.68","TORONTO INTL A","6158731","2015-10-31 12:00","2015","10","31","12:00","9.2","","3.2","","66","","","","14","","8","","24.1","","99.79","","","","","","NA"
"-79.63","43.68","TORONTO INTL A","6158731","2015-10-31 13:00","2015","10","31","13:00","9.8","","3.8","","66","","","","13","","8","","24.1","","99.69","","","","","","Cloudy"
"-79.63","43.68","TORONTO INTL A","6158731","2015-10-31 14:00","2015","10","31","14:00","10.1","","4.9","","70","","","","16","","11","","24.1","","99.57","","","","","","NA"
"-79.63","43.68","TORONTO INTL A","6158731","2015-10-31 15:00","2015","10","31","15:00","9.6","","4.4","","70","","","","15","","13","","24.1","","99.52","","","","","","NA"
"-79.63","43.68","TORONTO INTL A","6158731","2015-10-31 16:00","2015","10","31","16:00","9.6","","4.4","","70","","","","14","","9","","24.1","","99.50","","","","","","Cloudy"
"-79.63","43.68","TORONTO INTL A","6158731","2015-10-31 17:00","2015","10","31","17:00","9.4","","3.8","","68","","","","15","","11","","24.1","","99.40","","","","","","NA"
"-79.63","43.68","TORONTO INTL A","6158731","2015-10-31 18:00","2015","10","31","18:00","9.4","","2.7","","63","","","","14","","11","","24.1","","99.36","","","","","","NA"
"-79.63","43.68","TORONTO INTL A","6158731","2015-10-31 19:00","2015","10","31","19:00","9.3","","2.4","","62","","","","13","","10","","24.1","","99.28","","","","","","Cloudy"
"-79.63","43.68","TORONTO INTL A","6158731","2015-10-31 20:00","2015","10","31","20:00","8.8","","3.7","","70","","","","13","","10","","24.1","","99.17","","","","","","Rain"
"-79.63","43.68","TORONTO INTL A","6158731","2015-10-31 21:00","2015","10","31","21:00","9.2","","3.0","","65","","","","13","","14","","24.1","","99.03","","","","","","NA"
"-79.63","43.68","TORONTO INTL A","6158731","2015-10-31 22:00","2015","10","31","22:00","8.9","","4.0","","71","","","","13","","14","","24.1","","98.94","","","","","","Rain"
"-79.63","43.68","TORONTO INTL A","6158731","2015-10-31 23:00","2015","10","31","23:00","8.4","","4.6","","77","","","","13","","15","","19.3","","98.80","","","","","","Rain"
